-- MySQL dump 10.13  Distrib 5.7.12, for Win64 (x86_64)
--
-- Host: 54.164.123.227    Database: nimbustest
-- ------------------------------------------------------
-- Server version	5.6.19

/*!40101 SET @OLD_CHARACTER_SET_CLIENT=@@CHARACTER_SET_CLIENT */;
/*!40101 SET @OLD_CHARACTER_SET_RESULTS=@@CHARACTER_SET_RESULTS */;
/*!40101 SET @OLD_COLLATION_CONNECTION=@@COLLATION_CONNECTION */;
/*!40101 SET NAMES utf8 */;
/*!40103 SET @OLD_TIME_ZONE=@@TIME_ZONE */;
/*!40103 SET TIME_ZONE='+00:00' */;
/*!40014 SET @OLD_UNIQUE_CHECKS=@@UNIQUE_CHECKS, UNIQUE_CHECKS=0 */;
/*!40014 SET @OLD_FOREIGN_KEY_CHECKS=@@FOREIGN_KEY_CHECKS, FOREIGN_KEY_CHECKS=0 */;
/*!40101 SET @OLD_SQL_MODE=@@SQL_MODE, SQL_MODE='NO_AUTO_VALUE_ON_ZERO' */;
/*!40111 SET @OLD_SQL_NOTES=@@SQL_NOTES, SQL_NOTES=0 */;

--
-- Table structure for table `countries`
--

DROP TABLE IF EXISTS `countries`;
/*!40101 SET @saved_cs_client     = @@character_set_client */;
/*!40101 SET character_set_client = utf8 */;
CREATE TABLE `countries` (
  `CountryId` smallint(6) NOT NULL AUTO_INCREMENT,
  `Country` varchar(50) NOT NULL,
  `FIPS104` varchar(50) NOT NULL,
  `ISO2` varchar(2) NOT NULL,
  `ISO3` varchar(3) NOT NULL,
  `ISON` varchar(4) NOT NULL,
  `Internet` varchar(2) NOT NULL,
  `Capital` varchar(25) DEFAULT NULL,
  `MapReference` varchar(50) DEFAULT NULL,
  `NationalitySingular` varchar(35) DEFAULT NULL,
  `NationalityPlural` varchar(35) DEFAULT NULL,
  `Currency` varchar(30) DEFAULT NULL,
  `CurrencyCode` varchar(50) DEFAULT NULL,
  `Population` bigint(20) DEFAULT NULL,
  `Title` varchar(50) DEFAULT NULL,
  `Comment` varchar(255) DEFAULT NULL,
  PRIMARY KEY (`CountryId`)
) ENGINE=InnoDB DEFAULT CHARSET=utf8;
/*!40101 SET character_set_client = @saved_cs_client */;

--
-- Dumping data for table `countries`
--

LOCK TABLES `countries` WRITE;
/*!40000 ALTER TABLE `countries` DISABLE KEYS */;
/*!40000 ALTER TABLE `countries` ENABLE KEYS */;
UNLOCK TABLES;

--
-- Table structure for table `debug`
--

DROP TABLE IF EXISTS `debug`;
/*!40101 SET @saved_cs_client     = @@character_set_client */;
/*!40101 SET character_set_client = utf8 */;
CREATE TABLE `debug` (
  `id` int(11) NOT NULL AUTO_INCREMENT,
  `campo` varchar(100) NOT NULL,
  `valor` text NOT NULL,
  PRIMARY KEY (`id`)
) ENGINE=InnoDB AUTO_INCREMENT=115 DEFAULT CHARSET=utf8;
/*!40101 SET character_set_client = @saved_cs_client */;

--
-- Dumping data for table `debug`
--

LOCK TABLES `debug` WRITE;
/*!40000 ALTER TABLE `debug` DISABLE KEYS */;
INSERT INTO `debug` VALUES (1,'sql_update_bio','test'),(2,'sql_update_bio','test'),(3,'sql_update_bio','UPDATE np_difunto set nombres  = Claudio ap_paterno  = Jara ap_materno  = Ferrada ap_materno  = Ferrada epitafio  = dsds where id  = 14'),(4,'sql_update_bio','UPDATE np_difunto set nombres  = Claudio ap_paterno  = Jara ap_materno  = Ferrada ap_materno  = Ferrada epitafio  = dsds where id  = 14'),(5,'sql_update_bio','UPDATE np_difunto set idTema=1, nombres  = \'dsd\', ap_paterno  = \'sdsds\', ap_materno  = \'dsdsds\', ap_materno  = \'dsdsds\', epitafio  = \'dsds\' where id  = 14'),(6,'sql_update_bio','UPDATE np_difunto set idTema=1, nombres  = \'dfsfsd\', ap_paterno  = \'fdsfdsf\', ap_materno  = \'dsfdsf\', ap_materno  = \'dsfdsf\', epitafio  = \'sdf\' where id  = 14'),(7,'sql_update_bio','UPDATE np_difunto set idTema=1, nombres  = \'fdsfsd\', ap_paterno  = \'fsdfds\', ap_materno  = \'fdsfds\', ap_materno  = \'fdsfds\', epitafio  = \'fdsf\' where id  = 14'),(8,'sql_update_bio','UPDATE np_difunto set idTema=1, nombres  = \'aa\', ap_paterno  = \'ss\', ap_materno  = \'ss\', ap_materno  = \'ss\', epitafio  = \'ss\' where id  = 14'),(9,'sql_update_bio','UPDATE np_difunto set idTema=1, nombres  = \'bb\', ap_paterno  = \'bb\', ap_materno  = \'bb\', ap_materno  = \'bb\', epitafio  = \'bb\' where id  = 14'),(10,'sql_update_bio','UPDATE np_difunto set idTema=1, nombres  = \'cc\', ap_materno  = \'cc\', ap_materno  = \'cc\', epitafio  = \'cc\' where id  = 14'),(11,'sql_update_bio','UPDATE np_difunto set idTema=1, nombres  = \'Juano\', ap_paterno  = \'Perez\', ap_materno  = \'Tapia\', ap_materno  = \'Tapia\', epitafio  = \'epitafio1\' where id  = 1'),(12,'sql_update_bio','UPDATE np_difunto set idTema=1, nombres  = \'Juano\', ap_paterno  = \'Perez\', ap_materno  = \'Tapia\', ap_materno  = \'Tapia\', epitafio  = \'epitafio1\' where id  = 1'),(13,'sql_update_bio','UPDATE np_difunto set idTema=1, nombres  = \'Juano3\', ap_paterno  = \'Perez\', ap_materno  = \'Tapia\', ap_materno  = \'Tapia\', epitafio  = \'epitafio1\' where id  = 1'),(14,'sql_update_bio','UPDATE np_difunto set idTema=1, nombres  = \'Juano89\', ap_paterno  = \'Perez\', ap_materno  = \'Tapia\', ap_materno  = \'Tapia\', epitafio  = \'epitafio1\' where id  = 1'),(15,'sql_update_bio','UPDATE np_difunto set idTema=1, nombres  = \'Juano89\', ap_paterno  = \'Perez\', ap_materno  = \'Tapia\', ap_materno  = \'Tapia\', epitafio  = \'epitafio1\' where id  = 1'),(16,'sql_update_bio','UPDATE np_difunto set idTema=1, nombres  = \'Claudio\', ap_paterno  = \'Jara\', ap_materno  = \'dsdsd\', ap_materno  = \'dsdsd\', epitafio  = \'sdsds\' where id  = 9'),(17,'sql_update_bio','UPDATE np_difunto set idTema=1, nombres  = \'Juano89\', ap_paterno  = \'Perez\', ap_materno  = \'Tapia\', ap_materno  = \'Tapia\', epitafio  = \'epitafio1\' where id  = 1'),(18,'sql_update_bio','UPDATE np_difunto set idTema=1, nombres  = \'Juano89\', ap_paterno  = \'Perez\', ap_materno  = \'Tapia\', ap_materno  = \'Tapia\', epitafio  = \'epitafio1\' where id  = 1'),(19,'sql_update_bio','UPDATE np_difunto set idTema=1, nombres  = \'claudio\', ap_paterno  = \'jara\', ap_materno  = \'ferrada\', ap_materno  = \'ferrada\', epitafio  = \'lo mejor\' where id  = 2'),(20,'sql_update_bio','UPDATE np_difunto set idTema=1, nombres  = \'claudio\', ap_paterno  = \'jara\', ap_materno  = \'ferrada\', ap_materno  = \'ferrada\', epitafio  = \'lo mejor\' where id  = 2'),(21,'sql_update_bio','UPDATE np_difunto set idTema=1, nombres  = \'claudio\', ap_paterno  = \'jara\', ap_materno  = \'ferrada\', ap_materno  = \'ferrada\', epitafio  = \'lo mejor\' where id  = 2'),(22,'sql_update_bio','UPDATE np_difunto set idTema=1, nombres  = \'claudio\', ap_paterno  = \'jara\', ap_materno  = \'ferrada\', ap_materno  = \'ferrada\', epitafio  = \'lo mejor\' where id  = 2'),(23,'sql_update_bio','UPDATE np_difunto set idTema=1, nombres  = \'claudio\', ap_paterno  = \'jara\', ap_materno  = \'ferrada\', ap_materno  = \'ferrada\', epitafio  = \'lo mejor\' where id  = 2'),(24,'sql_update_bio','UPDATE np_difunto set idTema=1, nombres  = \'Juano89\', ap_paterno  = \'Perez\', ap_materno  = \'Tapia\', ap_materno  = \'Tapia\', epitafio  = \'epitafio1\' where id  = 1'),(25,'sql_update_bio','UPDATE np_difunto set idTema=1, nombres  = \'Juano89\', ap_paterno  = \'Perez\', ap_materno  = \'Tapia\', ap_materno  = \'Tapia\', epitafio  = \'epitafio1\' where id  = 1'),(26,'sql_update_bio','UPDATE np_difunto set idTema=1, nombres  = \'Juano89\', ap_paterno  = \'Perez\', ap_materno  = \'Tapia\', ap_materno  = \'Tapia\', epitafio  = \'epitafio1\' where id  = 1'),(27,'sql_update_bio','UPDATE np_difunto set idTema=2, nombres  = \'Juano89\', ap_paterno  = \'Perez\', ap_materno  = \'Tapia\', ap_materno  = \'Tapia\', epitafio  = \'epitafio1\' where id  = 1'),(28,'sql_update_bio','UPDATE np_difunto set idTema=1, nombres  = \'Juano89\', ap_paterno  = \'Perez\', ap_materno  = \'Tapia\', ap_materno  = \'Tapia\', epitafio  = \'epitafio1\' where id  = 1'),(29,'sql_update_bio','UPDATE np_difunto set idTema=1, nombres  = \'Juano89\', ap_paterno  = \'Perez\', ap_materno  = \'Tapia\', ap_materno  = \'Tapia\', epitafio  = \'epitafio1\' where id  = 1'),(30,'sql_update_bio','UPDATE np_difunto set idTema=1, nombres  = \'Juano89\', ap_paterno  = \'Perez\', ap_materno  = \'Tapia\', ap_materno  = \'Tapia\', epitafio  = \'epitafio1\' where id  = 1'),(31,'sql_update_bio','UPDATE np_difunto set idTema=1, nombres  = \'Juano89\', ap_paterno  = \'Perez\', ap_materno  = \'Tapia\', ap_materno  = \'Tapia\', epitafio  = \'epitafio1\' where id  = 1'),(32,'sql_update_bio','UPDATE np_difunto set idTema=1, nombres  = \'Juano89\', ap_paterno  = \'Perez\', ap_materno  = \'Tapia\', ap_materno  = \'Tapia\', epitafio  = \'epitafio1\' where id  = 1'),(33,'sql_update_bio','UPDATE np_difunto set idTema=1, nombres  = \'Juano89\', ap_paterno  = \'Perez\', ap_materno  = \'Tapia\', ap_materno  = \'Tapia\', epitafio  = \'epitafio1\' where id  = 1'),(34,'sql_update_bio','UPDATE np_difunto set idTema=1, nombres  = \'Juano89\', ap_paterno  = \'Perez\', ap_materno  = \'Tapia\', ap_materno  = \'Tapia\', epitafio  = \'epitafio1\' where id  = 1'),(35,'sql_update_bio','UPDATE np_difunto set idTema=1, nombres  = \'Juano89\', ap_paterno  = \'Perez\', ap_materno  = \'Tapia\', ap_materno  = \'Tapia\', epitafio  = \'epitafio1\' where id  = 1'),(36,'sql_update_bio','UPDATE np_difunto set idTema=1, nombres  = \'Juano89\', ap_paterno  = \'Perez\', ap_materno  = \'Tapia\', ap_materno  = \'Tapia\', epitafio  = \'epitafio1\', idTema  = 1, idComuna  = 2 where id  = 1'),(37,'sql_update_bio','UPDATE np_difunto set idTema=1, nombres  = \'Juano89\', ap_paterno  = \'Perez\', ap_materno  = \'Tapia\', ap_materno  = \'Tapia\', epitafio  = \'epitafio1\', idTema  = 1, idComuna  = 1 where id  = 1'),(38,'sql_update_bio','UPDATE np_difunto set idTema=1, nombres  = \'Juano89\', ap_paterno  = \'Perez\', ap_materno  = \'Tapia\', ap_materno  = \'Tapia\', epitafio  = \'epitafio1\', idTema  = 1, idComuna  = 3 where id  = 1'),(39,'sql_update_bio','UPDATE np_difunto set idTema=2, nombres  = \'Juano89\', ap_paterno  = \'Perez\', ap_materno  = \'Tapia\', ap_materno  = \'Tapia\', epitafio  = \'epitafio1\', idTema  = 2, idComuna  = 3 where id  = 1'),(40,'sql_update_bio','UPDATE np_difunto set idTema=1, nombres  = \'Juano89\', ap_paterno  = \'Perez\', ap_materno  = \'Tapia\', ap_materno  = \'Tapia\', epitafio  = \'epitafio1\', idTema  = 1, idComuna  = 2 where id  = 1'),(41,'sql_update_bio','UPDATE np_difunto set idTema=1, nombres  = \'Juano89\', ap_paterno  = \'Perez\', ap_materno  = \'Tapia\', ap_materno  = \'Tapia\', epitafio  = \'epitafio1\', idTema  = 1, idComuna  = 2 where id  = 1'),(42,'sql_update_bio','UPDATE np_difunto set idTema=1, nombres  = \'Juano891\', ap_paterno  = \'Perez\', ap_materno  = \'Tapia\', ap_materno  = \'Tapia\', epitafio  = \'epitafio1\', idTema  = 1, idComuna  = 2 where id  = 1'),(43,'sql_update_bio','UPDATE np_difunto set idTema=2, nombres  = \'Juano891\', ap_paterno  = \'Perez\', ap_materno  = \'Tapia\', ap_materno  = \'Tapia\', epitafio  = \'epitafio1\', idTema  = 2, idComuna  = 2 where id  = 1'),(44,'sql_update_bio','UPDATE np_difunto set idTema=2, nombres  = \'Juano891\', ap_paterno  = \'Perez\', ap_materno  = \'Tapia\', ap_materno  = \'Tapia\', epitafio  = \'epitafio1\', idTema  = 2, idComuna  = 1 where id  = 1'),(45,'sql_update_bio','UPDATE np_difunto set idTema=2, nombres  = \'Juano891\', ap_paterno  = \'Perez\', ap_materno  = \'Tapia\', ap_materno  = \'Tapia\', epitafio  = \'epitafio1\', idTema  = 2, idComuna  = 1 where id  = 1'),(46,'sql_update_bio','UPDATE np_difunto set idTema=2, nombres  = \'Juano891\', ap_paterno  = \'Perez\', ap_materno  = \'Tapia\', ap_materno  = \'Tapia\', epitafio  = \'epitafio1\', idTema  = 2, idComuna  = 1 where id  = 1'),(47,'sql_update_bio','UPDATE np_difunto set idTema=2, nombres  = \'Juano891\', ap_paterno  = \'Perez\', ap_materno  = \'Tapia\', ap_materno  = \'Tapia\', epitafio  = \'epitafio1\', idTema  = 2, idComuna  = 1 where id  = 1'),(48,'sql_update_bio','UPDATE np_difunto set idTema=2, nombres  = \'Juano891\', ap_paterno  = \'Perez\', ap_materno  = \'Tapia\', ap_materno  = \'Tapia\', epitafio  = \'epitafio1\', idTema  = 2, idComuna  = 1 where id  = 1'),(49,'sql_update_bio','UPDATE np_difunto set idTema=1, nombres  = \'Juano891\', ap_paterno  = \'Perez\', ap_materno  = \'Tapia\', ap_materno  = \'Tapia\', epitafio  = \'epitafio1\', idTema  = 1, idComuna  = 1 where id  = 1'),(50,'sql_update_bio','UPDATE np_difunto set idTema=1, nombres  = \'Juano891\', ap_paterno  = \'Perez\', ap_materno  = \'Tapia2\', ap_materno  = \'Tapia2\', epitafio  = \'epitafio1\', idTema  = 1, idComuna  = 1 where id  = 1'),(51,'sql_update_bio','UPDATE np_difunto set idTema=1, nombres  = \'Juano891\', ap_paterno  = \'Perez\', ap_materno  = \'Tapia2\', ap_materno  = \'Tapia2\', epitafio  = \'epitafio1\', idTema  = 1, idComuna  = 1 where id  = 1'),(52,'sql_update_bio','UPDATE np_difunto set idTema=1, nombres  = \'Juano891\', ap_paterno  = \'Perez\', ap_materno  = \'Tapia2\', ap_materno  = \'Tapia2\', epitafio  = \'epitafio1\', idTema  = 1, idComuna  = 1 where id  = 1'),(53,'sql_update_bio','UPDATE np_difunto set fec_actu=sysdate(), nombres  = \'Juano891\', ap_paterno  = \'Perez\', ap_materno  = \'Tapia2\', ap_materno  = \'Tapia2\', epitafio  = \'epitafio1\', idTema  = 1, idComuna  = 1 where id  = 1'),(54,'sql_update_bio','UPDATE np_difunto set fec_actu=sysdate(), nombres  = \'Juano891\', ap_paterno  = \'Perez\', ap_materno  = \'Tapia2\', ap_materno  = \'Tapia2\', epitafio  = \'epitafio1\', sexo  = \'F\', fec_nacimiento   = str_to_date(\'02/02/2014\', \'%d/%m/%Y\'), idTema  = 1, idComuna  = 1 where id  = 1'),(55,'sql_update_bio','UPDATE np_difunto set fec_actu=sysdate(), nombres  = \'Juano891\', ap_paterno  = \'Perez\', ap_materno  = \'Tapia2\', ap_materno  = \'Tapia2\', epitafio  = \'epitafio1\', sexo  = \'M\', fec_nacimiento   = str_to_date(\'02/02/2014\', \'%d/%m/%Y\'), idTema  = 1, idComuna  = 1 where id  = 1'),(56,'sql_update_bio','UPDATE np_difunto set fec_actu=sysdate(), nombres  = \'Juano891\', ap_paterno  = \'Perez\', ap_materno  = \'Tapia2\', ap_materno  = \'Tapia2\', epitafio  = \'epitafio1\', sexo  = \'M\', fec_nacimiento   = str_to_date(\'02/02/2015\', \'%d/%m/%Y\'), idTema  = 1, idComuna  = 1 where id  = 1'),(57,'sql_update_bio','UPDATE np_difunto set fec_actu=sysdate(), nombres  = \'Juano891\', ap_paterno  = \'Perez\', ap_materno  = \'Tapia2\', ap_materno  = \'Tapia2\', epitafio  = \'epitafio2\', sexo  = \'M\', fec_nacimiento   = str_to_date(\'02/02/2015\', \'%d/%m/%Y\'), idTema  = 1, idComuna  = 1 where id  = 1'),(58,'sql_update_bio','UPDATE np_difunto set fec_actu=sysdate(), nombres  = \'Juano893\', ap_paterno  = \'Perez3\', ap_materno  = \'Tapia23\', ap_materno  = \'Tapia23\', epitafio  = \'epitafio23\', sexo  = \'F\', fec_nacimiento   = str_to_date(\'02/02/2013\', \'%d/%m/%Y\'), fec_fallecimiento  = str_to_date(\'01/01/2013\', \'%d/%m/%Y\'), idTema  = 2, idComuna  = 3 where id  = 1'),(59,'sql_update_bio','UPDATE np_difunto set fec_actu=sysdate(), nombres  = \'Juano8934\', ap_paterno  = \'Perez34\', ap_materno  = \'Tapia234\', ap_materno  = \'Tapia234\', epitafio  = \'epitafio234\', biografia  = \'bio4\', sexo  = \'F\', fec_nacimiento   = str_to_date(\'02/02/2014\', \'%d/%m/%Y\'), fec_fallecimiento  = str_to_date(\'01/01/2014\', \'%d/%m/%Y\'), idTema  = 1, idComuna  = 3 where id  = 1'),(60,'sql_update_bio','UPDATE np_difunto set fec_actu=sysdate(), nombres  = \'Juano8934\', ap_paterno  = \'Perez34\', ap_materno  = \'Tapia234\', ap_materno  = \'Tapia234\', epitafio  = \'epitafio234\', biografia  = \'bio4\', sexo  = \'F\', fec_nacimiento   = str_to_date(\'02/02/2014\', \'%d/%m/%Y\'), fec_fallecimiento  = str_to_date(\'01/01/2014\', \'%d/%m/%Y\'), idTema  = 1, idComuna  = 1 where id  = 1'),(61,'sql_update_bio','UPDATE np_difunto set fec_actu=sysdate(), nombres  = \'Juano8934\', ap_paterno  = \'Perez34\', ap_materno  = \'Tapia234\', ap_materno  = \'Tapia234\', epitafio  = \'epitafio234\', biografia  = \'bio4\', sexo  = \'F\', fec_nacimiento   = str_to_date(\'02/02/2014\', \'%d/%m/%Y\'), fec_fallecimiento  = str_to_date(\'01/01/2014\', \'%d/%m/%Y\'), idTema  = 1, idComuna  = 1 where id  = 1'),(62,'sql_update_bio','UPDATE np_difunto set fec_actu=sysdate(), nombres  = \'Juano893498\', ap_paterno  = \'Perez34\', ap_materno  = \'Tapia234\', ap_materno  = \'Tapia234\', epitafio  = \'epitafio234\', biografia  = \'bio4\', sexo  = \'F\', fec_nacimiento   = str_to_date(\'02/02/2014\', \'%d/%m/%Y\'), fec_fallecimiento  = str_to_date(\'01/01/2014\', \'%d/%m/%Y\'), idTema  = 2, idComuna  = 3 where id  = 1'),(63,'sql_update_bio','UPDATE np_difunto set fec_actu=sysdate(), nombres  = \'Juano\', ap_paterno  = \'Perez34\', ap_materno  = \'Tapia234\', ap_materno  = \'Tapia234\', epitafio  = \'epitafio234\', biografia  = \'bio4\', sexo  = \'F\', fec_nacimiento   = str_to_date(\'02/02/2014\', \'%d/%m/%Y\'), fec_fallecimiento  = str_to_date(\'01/01/2014\', \'%d/%m/%Y\'), idTema  = 2, idComuna  = 3 where id  = 1'),(64,'sql_update_bio','UPDATE np_difunto set fec_actu=sysdate(), nombres  = \'Juano\', ap_paterno  = \'Perez34\', ap_materno  = \'Tapia234\', ap_materno  = \'Tapia234\', epitafio  = \'epitafio234\', biografia  = \'bio4\', sexo  = \'F\', fec_nacimiento   = str_to_date(\'02/02/2014\', \'%d/%m/%Y\'), fec_fallecimiento  = str_to_date(\'01/01/2014\', \'%d/%m/%Y\'), idTema  = 2, idComuna  = 3 where id  = 1'),(65,'sql_update_bio','UPDATE np_difunto set fec_actu=sysdate(), nombres  = \'Juano\', ap_paterno  = \'Perez\', ap_materno  = \'Tapia234\', ap_materno  = \'Tapia234\', epitafio  = \'epitafio234\', biografia  = \'bio4\', sexo  = \'F\', fec_nacimiento   = str_to_date(\'02/02/2014\', \'%d/%m/%Y\'), fec_fallecimiento  = str_to_date(\'01/01/2014\', \'%d/%m/%Y\'), idTema  = 2, idComuna  = 3 where id  = 1'),(66,'sql_update_bio','UPDATE np_difunto set fec_actu=sysdate(), nombres  = \'Juan\', ap_paterno  = \'Perez\', ap_materno  = \'Tapia\', ap_materno  = \'Tapia\', epitafio  = \'epitafio1\', biografia  = \'bio1\', sexo  = \'M\', idTema  = 1, idComuna  = 1 where id  = 1'),(67,'sql_update_bio','UPDATE np_difunto set fec_actu=sysdate(), nombres  = \'Juan\', ap_paterno  = \'Perez\', ap_materno  = \'Tapia\', ap_materno  = \'Tapia\', epitafio  = \'epitafio1\', biografia  = \'mi biografia!\', sexo  = \'M\', idTema  = 2, idComuna  = 1 where id  = 1'),(68,'sql_update_bio','UPDATE np_difunto set fec_actu=sysdate(), nombres  = \'Juan\', ap_paterno  = \'Perez\', ap_materno  = \'Tapia\', ap_materno  = \'Tapia\', epitafio  = \'epitafio1\', biografia  = \'After typing for a while large sections of the text will be covered by grey shading. You can continue to type and the new text is visible on a white background however the text underneath the shading that remains is not. I am working on documents that contain text in tables (the tables cover about 2 - 3 pages). The document is now about 5,000 words and it only seems to become a problem after I have worked on it for a while. I have 12 documents of the same format that I am working on and it happens on all of them so not just a problem with one file.\', sexo  = \'M\', idTema  = 1, idComuna  = 1 where id  = 1'),(69,'sql_update_bio','UPDATE np_difunto set fec_actu=sysdate(), nombres  = \'Juan\', ap_paterno  = \'Perez\', ap_materno  = \'Tapia\', ap_materno  = \'Tapia\', epitafio  = \'epitafio1\', biografia  = \'AA-After typing for a while large sections of the text will be covered by grey shading. You can continue to type and the new text is visible on a white background however the text underneath the shading that remains is not. I am working on documents that contain text in tables (the tables cover about 2 - 3 pages). The document is now about 5,000 words and it only seems to become a problem after I have worked on it for a while. I have 12 documents of the same format that I am working on and it happens on all of them so not just a problem with one file.\', sexo  = \'M\', idTema  = 1, idComuna  = 1 where id  = 1'),(70,'sql_update_bio','UPDATE np_difunto set fec_actu=sysdate(), nombres  = \'Juan\', ap_paterno  = \'Perez\', ap_materno  = \'Tapia\', ap_materno  = \'Tapia\', epitafio  = \'epitafio1\', biografia  = \'AA-After typing for a while large sections of the text will be covered by grey shading. You can continue to type and the new text is visible on a white background however the text underneath the shading that remains is not. I am working on documents that contain text in tables (the tables cover about 2 - 3 pages). The document is now about 5,000 words and it only seems to become a problem after I have worked on it for a while. I have 12 documents of the same format that I am working on and it happens on all of them so not just a problem with one file.\', sexo  = \'M\', idTema  = 1, idComuna  = 2 where id  = 1'),(71,'sql_update_bio','UPDATE np_difunto set fec_actu=sysdate(), nombres  = \'Juan\', ap_paterno  = \'Perez\', ap_materno  = \'Tapia\', ap_materno  = \'Tapia\', epitafio  = \'epitafio1\', biografia  = \'AA-After typing for a while large sections of the text will be covered by grey shading. You can continue to type and the new text is visible on a white background however the text underneath the shading that remains is not. I am working on documents that contain text in tables (the tables cover about 2 - 3 pages). The document is now about 5,000 words and it only seems to become a problem after I have worked on it for a while. I have 12 documents of the same format that I am working on and it happens on all of them so not just a problem with one file.\', sexo  = \'M\', idTema  = 1, idComuna  = 2 where id  = 1'),(72,'sql_update_bio','UPDATE np_difunto set fec_actu=sysdate(), nombres  = \'Juan\', ap_paterno  = \'Perez\', ap_materno  = \'Tapia\', ap_materno  = \'Tapia\', epitafio  = \'epitafio1\', biografia  = \'AA-After typing for a while large sections of the text will be covered by grey shading. You can continue to type and the new text is visible on a white background however the text underneath the shading that remains is not. I am working on documents that contain text in tables (the tables cover about 2 - 3 pages). The document is now about 5,000 words and it only seems to become a problem after I have worked on it for a while. I have 12 documents of the same format that I am working on and it happens on all of them so not just a problem with one file.\', sexo  = \'M\', idTema  = 1, idComuna  = 2 where id  = 1'),(73,'sql_update_bio','UPDATE np_difunto set fec_actu=sysdate(), nombres  = \'Juan\', ap_paterno  = \'Perez\', ap_materno  = \'Tapia\', ap_materno  = \'Tapia\', epitafio  = \'epitafio1\', biografia  = \'AA-After typing for a while large sections of the text will be covered by grey shading. You can continue to type and the new text is visible on a white background however the text underneath the shading that remains is not. I am working on documents that contain text in tables (the tables cover about 2 - 3 pages). The document is now about 5,000 words and it only seems to become a problem after I have worked on it for a while. I have 12 documents of the same format that I am working on and it happens on all of them so not just a problem with one file.\', sexo  = \'M\', idTema  = 1, idComuna  = 2 where id  = 1'),(74,'sql_update_bio','UPDATE np_difunto set fec_actu=sysdate(), nombres  = \'Juan\', ap_paterno  = \'Perez\', ap_materno  = \'Tapia\', ap_materno  = \'Tapia\', epitafio  = \'epitafio1\', biografia  = \'AA-After typing for a while large sections of the text will be covered by grey shading. You can continue to type and the new text is visible on a white background however the text underneath the shading that remains is not. I am working on documents that contain text in tables (the tables cover about 2 - 3 pages). The document is now about 5,000 words and it only seems to become a problem after I have worked on it for a while. I have 12 documents of the same format that I am working on and it happens on all of them so not just a problem with one file.\', sexo  = \'M\', idTema  = 1, idComuna  = 2 where id  = 1'),(75,'sql_update_bio','UPDATE np_difunto set fec_actu=sysdate(), nombres  = \'Juan\', ap_paterno  = \'Perez\', ap_materno  = \'Tapia\', ap_materno  = \'Tapia\', epitafio  = \'epitafio1\', biografia  = \'AA-After typing for a while large sections of the text will be covered by grey shading. You can continue to type and the new text is visible on a white background however the text underneath the shading that remains is not. I am working on documents that contain text in tables (the tables cover about 2 - 3 pages). The document is now about 5,000 words and it only seems to become a problem after I have worked on it for a while. I have 12 documents of the same format that I am working on and it happens on all of them so not just a problem with one file.\', sexo  = \'M\', idTema  = 1, idComuna  = 2 where id  = 1'),(76,'sql_update_bio','UPDATE np_difunto set fec_actu=sysdate(), nombres  = \'Juan\', ap_paterno  = \'Perez\', ap_materno  = \'Tapia\', ap_materno  = \'Tapia\', epitafio  = \'epitafio1\', biografia  = \'AA-After typing for a while large sections of the text will be covered by grey shading. You can continue to type and the new text is visible on a white background however the text underneath the shading that remains is not. I am working on documents that contain text in tables (the tables cover about 2 - 3 pages). The document is now about 5,000 words and it only seems to become a problem after I have worked on it for a while. I have 12 documents of the same format that I am working on and it happens on all of them so not just a problem with one file.\', sexo  = \'M\', idTema  = 1, idComuna  = 2 where id  = 1'),(77,'sql_update_bio','UPDATE np_difunto set fec_actu=sysdate(), nombres  = \'Juan\', ap_paterno  = \'Perez\', ap_materno  = \'Tapia\', ap_materno  = \'Tapia\', epitafio  = \'epitafio1\', biografia  = \'AA-After typing for a while large sections of the text will be covered by grey shading. You can continue to type and the new text is visible on a white background however the text underneath the shading that remains is not. I am working on documents that contain text in tables (the tables cover about 2 - 3 pages). The document is now about 5,000 words and it only seems to become a problem after I have worked on it for a while. I have 12 documents of the same format that I am working on and it happens on all of them so not just a problem with one file.\', sexo  = \'M\', idTema  = 1, idComuna  = 2 where id  = 1'),(78,'sql_update_bio','UPDATE np_difunto set fec_actu=sysdate(), nombres  = \'Juan\', ap_paterno  = \'Perez\', ap_materno  = \'Tapia\', ap_materno  = \'Tapia\', epitafio  = \'epitafio1\', biografia  = \'AA-After typing for a while large sections of the text will be covered by grey shading. You can continue to type and the new text is visible on a white background however the text underneath the shading that remains is not. I am working on documents that contain text in tables (the tables cover about 2 - 3 pages). The document is now about 5,000 words and it only seems to become a problem after I have worked on it for a while. I have 12 documents of the same format that I am working on and it happens on all of them so not just a problem with one file.\', sexo  = \'M\', fec_nacimiento   = str_to_date(\'02/02/1960\', \'%d/%m/%Y\'), fec_fallecimiento  = str_to_date(\'05/05/2014\', \'%d/%m/%Y\'), idTema  = 1, idComuna  = 2 where id  = 1'),(79,'sql_update_bio','UPDATE np_difunto set fec_actu=sysdate(), nombres  = \'Juan\', ap_paterno  = \'Perez\', ap_materno  = \'Tapia\', ap_materno  = \'Tapia\', epitafio  = \'epitafio1\', biografia  = \'AA-After typing for a while large sections of the text will be covered by grey shading. You can continue to type and the new text is visible on a white background however the text underneath the shading that remains is not. I am working on documents that contain text in tables (the tables cover about 2 - 3 pages). The document is now about 5,000 words and it only seems to become a problem after I have worked on it for a while. I have 12 documents of the same format that I am working on and it happens on all of them so not just a problem with one file.\', sexo  = \'F\', fec_nacimiento   = str_to_date(\'02/02/1960\', \'%d/%m/%Y\'), fec_fallecimiento  = str_to_date(\'05/05/2014\', \'%d/%m/%Y\'), idTema  = 1, idComuna  = 2 where id  = 1'),(80,'sql_update_bio','UPDATE np_difunto set fec_actu=sysdate(), nombres  = \'Juan\', ap_paterno  = \'Perez\', ap_materno  = \'Tapia\', ap_materno  = \'Tapia\', epitafio  = \'epitafio1\', biografia  = \'AA-After typing for a while large sections of the text will be covered by grey shading. You can continue to type and the new text is visible on a white background however the text underneath the shading that remains is not. I am working on documents that contain text in tables (the tables cover about 2 - 3 pages). The document is now about 5,000 words and it only seems to become a problem after I have worked on it for a while. I have 12 documents of the same format that I am working on and it happens on all of them so not just a problem with one file.\', sexo  = \'M\', fec_nacimiento   = str_to_date(\'02/02/1960\', \'%d/%m/%Y\'), fec_fallecimiento  = str_to_date(\'05/05/2014\', \'%d/%m/%Y\'), idTema  = 1, idComuna  = 2 where id  = 1'),(81,'sql_update_bio','UPDATE np_difunto set fec_actu=sysdate(), nombres  = \'Juan\', ap_paterno  = \'Perez\', ap_materno  = \'Tapia\', ap_materno  = \'Tapia\', epitafio  = \'epitafio1\', biografia  = \'AA-After typing for a while large sections of the text will be covered by grey shading. You can continue to type and the new text is visible on a white background however the text underneath the shading that remains is not. I am working on documents that contain text in tables (the tables cover about 2 - 3 pages). The document is now about 5,000 words and it only seems to become a problem after I have worked on it for a while. I have 12 documents of the same format that I am working on and it happens on all of them so not just a problem with one file.\', sexo  = \'M\', fec_nacimiento   = str_to_date(\'02/02/1960\', \'%d/%m/%Y\'), fec_fallecimiento  = str_to_date(\'05/05/2014\', \'%d/%m/%Y\'), idTema  = 1, idComuna  = 2 where id  = 1'),(82,'sql_update_bio','UPDATE np_difunto set fec_actu=sysdate(), nombres  = \'Juan\', ap_paterno  = \'Perez\', ap_materno  = \'Tapia\', ap_materno  = \'Tapia\', epitafio  = \'epitafio1\', biografia  = \'After typing for a while large sections of the text will be covered by grey shading. You can continue to type and the new text is visible on a white background however the text underneath the shading that remains is not. I am working on documents that contain text in tables (the tables cover about 2 - 3 pages). The document is now about 5,000 words and it only seems to become a problem after I have worked on it for a while. I have 12 documents of the same format that I am working on and it happens on all of them so not just a problem with one file.\', sexo  = \'M\', fec_nacimiento   = str_to_date(\'02/02/1960\', \'%d/%m/%Y\'), fec_fallecimiento  = str_to_date(\'05/05/2014\', \'%d/%m/%Y\'), idTema  = 1, idComuna  = 2 where id  = 1'),(83,'sql_update_bio','UPDATE np_difunto set fec_actu=sysdate(), nombres  = \'Patricio\', ap_paterno  = \'Contreras\', ap_materno  = \'Tapia\', ap_materno  = \'Tapia\', epitafio  = \'epitafio1\', biografia  = \'After typing for a while large sections of the text will be covered by grey shading. You can continue to type and the new text is visible on a white background however the text underneath the shading that remains is not. I am working on documents that contain text in tables (the tables cover about 2 - 3 pages). The document is now about 5,000 words and it only seems to become a problem after I have worked on it for a while. I have 12 documents of the same format that I am working on and it happens on all of them so not just a problem with one file.\', sexo  = \'M\', fec_nacimiento   = str_to_date(\'02/02/1960\', \'%d/%m/%Y\'), fec_fallecimiento  = str_to_date(\'05/05/2014\', \'%d/%m/%Y\'), idTema  = 1, idComuna  = 2 where id  = 1'),(84,'sql_update_bio','UPDATE np_difunto set fec_actu=sysdate(), nombres  = \'Patricio\', ap_paterno  = \'Contreras\', ap_materno  = \'Tapia\', ap_materno  = \'Tapia\', epitafio  = \'epitafio1\', biografia  = \'Bienvenido:\r\n\r\nAfter typing for a while large sections of the text will be covered by grey shading. You can continue to type and the new text is visible on a white background however the text underneath the shading that remains is not. I am working on documents that contain text in tables (the tables cover about 2 - 3 pages). The document is now about 5,000 words and it only seems to become a problem after I have worked on it for a while. I have 12 documents of the same format that I am working on and it happens on all of them so not just a problem with one file.\', sexo  = \'M\', fec_nacimiento   = str_to_date(\'02/02/1960\', \'%d/%m/%Y\'), fec_fallecimiento  = str_to_date(\'05/05/2014\', \'%d/%m/%Y\'), idTema  = 1, idComuna  = 2 where id  = 1'),(85,'sql_update_bio','UPDATE np_difunto set fec_actu=sysdate(), nombres  = \'Pablo\', ap_paterno  = \'Gutierrez\', ap_materno  = \'Toledo\', ap_materno  = \'Toledo\', epitafio  = \'lala\', biografia  = \'lala\', sexo  = \'M\', fec_nacimiento   = str_to_date(\'02/02/1965\', \'%d/%m/%Y\'), fec_fallecimiento  = str_to_date(\'03/03/2014\', \'%d/%m/%Y\'), idTema  = 2, idComuna  = 2 where id  = 2'),(86,'sql_update_bio','UPDATE np_difunto set fec_actu=sysdate(), nombres  = \'Juan\', ap_paterno  = \'Perez\', ap_materno  = \'Tapia\', ap_materno  = \'Tapia\', epitafio  = \'Epitafio de prueba\', biografia  = \'Lorem ipsum dolor sit amet, consectetur adipisicing elit, sed do eiusmod tempor incididunt ut labore et dolore magna aliqua. Ut enim ad minim veniam, quis nostrud exercitation ullamco laboris nisi ut aliquip ex ea commodo consequat. Duis aute irure dolor in reprehenderit in voluptate velit esse cillum dolore eu fugiat nulla pariatur. Excepteur sint occaecat cupidatat non proident, sunt in culpa qui officia deserunt mollit anim id est laborum.\', sexo  = \'M\', fec_nacimiento   = str_to_date(\'02/02/1965\', \'%d/%m/%Y\'), fec_fallecimiento  = str_to_date(\'03/03/2014\', \'%d/%m/%Y\'), idTema  = 1, idComuna  = 1 where id  = 1'),(87,'sql_update_bio','UPDATE np_difunto set fec_actu=sysdate(), nombres  = \'Juan\', ap_paterno  = \'Perez\', ap_materno  = \'Tapia\', ap_materno  = \'Tapia\', epitafio  = \'Mi epitafio\', biografia  = \'Lorem ipsum dolor sit amet, consectetur adipisicing elit, sed do eiusmod tempor incididunt ut labore et dolore magna aliqua. Ut enim ad minim veniam, quis nostrud exercitation ullamco laboris nisi ut aliquip ex ea commodo consequat. Duis aute irure dolor in reprehenderit in voluptate velit esse cillum dolore eu fugiat nulla pariatur. Excepteur sint occaecat cupidatat non proident, sunt in culpa qui officia deserunt mollit anim id est laborum\', sexo  = \'M\', fec_nacimiento   = str_to_date(\'02/02/1965\', \'%d/%m/%Y\'), fec_fallecimiento  = str_to_date(\'03/03/2014\', \'%d/%m/%Y\'), idTema  = 1, idComuna  = 2 where id  = 1'),(88,'sql_update_bio','UPDATE np_difunto set fec_actu=sysdate(), nombres  = \'Juan\', ap_paterno  = \'Perez\', ap_materno  = \'Tapia\', ap_materno  = \'Tapia\', epitafio  = \'Mi epitafio\', biografia  = \'Lorem ipsum dolor sit amet, consectetur adipisicing elit, sed do eiusmod tempor incididunt ut labore et dolore magna aliqua. Ut enim ad minim veniam, quis nostrud exercitation ullamco laboris nisi ut aliquip ex ea commodo consequat. Duis aute irure dolor in reprehenderit in voluptate velit esse cillum dolore eu fugiat nulla pariatur. Excepteur sint occaecat cupidatat non proident, sunt in culpa qui officia deserunt mollit anim id est laborum\', sexo  = \'M\', fec_nacimiento   = str_to_date(\'02/02/1965\', \'%d/%m/%Y\'), fec_fallecimiento  = str_to_date(\'03/03/2014\', \'%d/%m/%Y\'), idTema  = 1, idComuna  = 3 where id  = 1'),(89,'sql_update_bio','UPDATE np_difunto set fec_actu=sysdate(), nombres  = \'Juanito\', ap_paterno  = \'Perez\', ap_materno  = \'Tapia\', ap_materno  = \'Tapia\', epitafio  = \'Mi epitafio\', biografia  = \'Esta es mi biografia\', sexo  = \'M\', fec_nacimiento   = str_to_date(\'02/02/1965\', \'%d/%m/%Y\'), fec_fallecimiento  = str_to_date(\'03/03/2014\', \'%d/%m/%Y\'), idTema  = 1, idComuna  = 2 where id  = 1'),(90,'sql_update_bio','UPDATE np_difunto set fec_actu=sysdate(), nombres  = \'Juan\', ap_paterno  = \'Perez\', ap_materno  = \'Tapia\', ap_materno  = \'Tapia\', epitafio  = \'epitafio1\', biografia  = \'bio1\', sexo  = \'M\', fec_nacimiento   = str_to_date(\'01/01/1960\', \'%d/%m/%Y\'), fec_fallecimiento  = str_to_date(\'05/05/2014\', \'%d/%m/%Y\'), idTema  = 1, idComuna  = 3 where id  = 1'),(91,'sql_update_bio','UPDATE np_difunto set fec_actu=sysdate(), nombres  = \'Juan\', ap_paterno  = \'Perez\', ap_materno  = \'Tapia\', ap_materno  = \'Tapia\', epitafio  = \'epitafio1\', biografia  = \'bio1\', sexo  = \'M\', fec_nacimiento   = str_to_date(\'01/01/1960\', \'%d/%m/%Y\'), fec_fallecimiento  = str_to_date(\'05/05/2014\', \'%d/%m/%Y\'), idTema  = 1, idComuna  = 3 where id  = 1'),(92,'sql_update_bio','UPDATE np_difunto set fec_actu=sysdate(), nombres  = \'Juan\', ap_paterno  = \'Perez\', ap_materno  = \'Tapia\', ap_materno  = \'Tapia\', epitafio  = \'epitafio1\', biografia  = \'bio1\', sexo  = \'M\', fec_nacimiento   = str_to_date(\'01/01/1960\', \'%d/%m/%Y\'), fec_fallecimiento  = str_to_date(\'05/05/2014\', \'%d/%m/%Y\'), idTema  = 1, idComuna  = 3 where id  = 1'),(93,'sql_update_bio','UPDATE np_difunto set fec_actu=sysdate(), nombres  = \'Juan\', ap_paterno  = \'Perez\', ap_materno  = \'Tapia\', ap_materno  = \'Tapia\', epitafio  = \'epitafio1\', biografia  = \'bio1\', sexo  = \'M\', fec_nacimiento   = str_to_date(\'01/01/1960\', \'%d/%m/%Y\'), fec_fallecimiento  = str_to_date(\'05/05/2014\', \'%d/%m/%Y\'), idTema  = 1, idComuna  = 3 where id  = 1'),(94,'sql_update_bio','UPDATE np_difunto set fec_actu=sysdate(), nombres  = \'Juan\', ap_paterno  = \'Perez\', ap_materno  = \'Tapia\', ap_materno  = \'Tapia\', epitafio  = \'epitafio1\', biografia  = \'bio1\', sexo  = \'M\', fec_nacimiento   = str_to_date(\'01/01/1960\', \'%d/%m/%Y\'), fec_fallecimiento  = str_to_date(\'05/05/2014\', \'%d/%m/%Y\'), idTema  = 1, idComuna  = 3, otro_lugar_entierro  = \'fdfd\', idLugarEntierro  = 0 where id  = 1'),(95,'sql_update_bio','UPDATE np_difunto set fec_actu=sysdate(), nombres  = \'Juan\', ap_paterno  = \'Perez\', ap_materno  = \'Tapia\', ap_materno  = \'Tapia\', epitafio  = \'epitafio1\', biografia  = \'bio1\', sexo  = \'M\', fec_nacimiento   = str_to_date(\'01/01/1960\', \'%d/%m/%Y\'), fec_fallecimiento  = str_to_date(\'05/05/2014\', \'%d/%m/%Y\'), idTema  = 1, idComuna  = 3, otro_lugar_entierro  = \'gfg\', idLugarEntierro  = 0 where id  = 1'),(96,'sql_update_bio','UPDATE np_difunto set fec_actu=sysdate(), nombres  = \'Juan\', ap_paterno  = \'Perez\', ap_materno  = \'Tapia\', ap_materno  = \'Tapia\', epitafio  = \'epitafio1\', biografia  = \'bio1\', sexo  = \'M\', fec_nacimiento   = str_to_date(\'01/01/1960\', \'%d/%m/%Y\'), fec_fallecimiento  = str_to_date(\'05/05/2014\', \'%d/%m/%Y\'), idTema  = 1, idComuna  = 3, otro_lugar_entierro  = \'gfgf\', idLugarEntierro  = 0 where id  = 1'),(97,'sql_update_bio','UPDATE np_difunto set fec_actu=sysdate(), nombres  = \'Juan\', ap_paterno  = \'Perez\', ap_materno  = \'Tapia\', ap_materno  = \'Tapia\', epitafio  = \'epitafio1\', biografia  = \'bio1\', sexo  = \'M\', fec_nacimiento   = str_to_date(\'01/01/1960\', \'%d/%m/%Y\'), fec_fallecimiento  = str_to_date(\'05/05/2014\', \'%d/%m/%Y\'), idTema  = 1, idComuna  = 3, otro_lugar_entierro  = \'fyuyt\', idLugarEntierro  = 0 where id  = 1'),(98,'sql_update_bio','UPDATE np_difunto set fec_actu=sysdate(), nombres  = \'Juan\', ap_paterno  = \'Perez\', ap_materno  = \'Tapia\', ap_materno  = \'Tapia\', epitafio  = \'epitafio1\', biografia  = \'bio1\', sexo  = \'M\', fec_nacimiento   = str_to_date(\'01/01/1960\', \'%d/%m/%Y\'), fec_fallecimiento  = str_to_date(\'05/05/2014\', \'%d/%m/%Y\'), idTema  = 1, idComuna  = 3, otro_lugar_entierro  = \'GDFGDF\', idLugarEntierro  = NULL where id  = 1'),(99,'sql_update_bio','UPDATE np_difunto set fec_actu=sysdate(), nombres  = \'Juan\', ap_paterno  = \'Perez\', ap_materno  = \'Tapia\', ap_materno  = \'Tapia\', epitafio  = \'epitafio1\', biografia  = \'bio1\', sexo  = \'M\', fec_nacimiento   = str_to_date(\'01/01/1960\', \'%d/%m/%Y\'), fec_fallecimiento  = str_to_date(\'05/05/2014\', \'%d/%m/%Y\'), idTema  = 1, idComuna  = 3, otro_lugar_entierro  = \'AAA\', idLugarEntierro  = NULL where id  = 1'),(100,'sql_update_bio','UPDATE np_difunto set fec_actu=sysdate(), nombres  = \'Juan\', ap_paterno  = \'Perez\', ap_materno  = \'Tapia\', ap_materno  = \'Tapia\', epitafio  = \'epitafio1\', biografia  = \'bio1\', sexo  = \'M\', fec_nacimiento   = str_to_date(\'01/01/1960\', \'%d/%m/%Y\'), fec_fallecimiento  = str_to_date(\'05/05/2014\', \'%d/%m/%Y\'), idTema  = 1, idComuna  = 3, idLugarEntierro  = 1 where id  = 1'),(101,'sql_update_bio','UPDATE np_difunto set fec_actu=sysdate(), nombres  = \'Juan\', ap_paterno  = \'Perez\', ap_materno  = \'Tapia\', ap_materno  = \'Tapia\', epitafio  = \'epitafio1\', biografia  = \'bio1\', sexo  = \'M\', fec_nacimiento   = str_to_date(\'01/01/1960\', \'%d/%m/%Y\'), fec_fallecimiento  = str_to_date(\'05/05/2014\', \'%d/%m/%Y\'), idTema  = 1, idComuna  = 3, idLugarEntierro  = NULL, otro_lugar_entierro  = \'bbb\' where id  = 1'),(102,'sql_update_bio','UPDATE np_difunto set fec_actu=sysdate(), nombres  = \'Juan\', ap_paterno  = \'Perez\', ap_materno  = \'Tapia\', ap_materno  = \'Tapia\', epitafio  = \'epitafio1\', biografia  = \'bio1\', sexo  = \'M\', fec_nacimiento   = str_to_date(\'01/01/1960\', \'%d/%m/%Y\'), fec_fallecimiento  = str_to_date(\'05/05/2014\', \'%d/%m/%Y\'), idTema  = 1, idComuna  = 3, idLugarEntierro  = 1, otro_lugar_entierro  = NULL where id  = 1'),(103,'sql_update_bio','UPDATE np_difunto set fec_actu=sysdate(), nombres  = \'Juan\', ap_paterno  = \'Perez\', ap_materno  = \'Tapia\', ap_materno  = \'Tapia\', epitafio  = \'epitafio1\', biografia  = \'bio1\', sexo  = \'M\', fec_nacimiento   = str_to_date(\'01/01/1960\', \'%d/%m/%Y\'), fec_fallecimiento  = str_to_date(\'05/05/2014\', \'%d/%m/%Y\'), idTema  = 1, idComuna  = 3, idLugarEntierro  = NULL, otro_lugar_entierro  = \'ss\' where id  = 1'),(104,'sql_update_bio','1, nombres  = \'Claudio\', ap_paterno  = \'julio\', ap_materno  = \'perez\', ap_materno  = \'perez\', epitafio  = \'dsds\', biografia  = \'dsd sdsdsds\', sexo  = \'M\', fec_nacimiento   = str_to_date(\'06/05/1902\', \'%d/%m/%Y\'), fec_fallecimiento  = str_to_date(\'01/01/1900\', \'%d/%m/%Y\'), idRegion  = 1, idPais  = 1, idLugarEntierro  = NULL, otro_lugar_entierro  = \'dsdsds\' where id  = 11115'),(105,'sql_update_bio','UPDATE np_difunto set fec_actu=sysdate(), estado  = 1, nombres  = \'Claudio\', ap_paterno  = \'julio\', ap_materno  = \'perez\', ap_materno  = \'perez\', epitafio  = \'dsds\', biografia  = \'dsd sdsdsds\', sexo  = \'M\', fec_nacimiento   = str_to_date(\'06/05/1902\', \'%d/%m/%Y\'), fec_fallecimiento  = str_to_date(\'01/01/1900\', \'%d/%m/%Y\'), idRegion  = 1, idPais  = 1, idLugarEntierro  = NULL, otro_lugar_entierro  = \'dsdsds\' where id  = 11115'),(106,'sql_update_bio','UPDATE np_difunto set fec_actu=sysdate(), estado  = 1, nombres  = \'gdfg\', ap_paterno  = \'dfgdfg\', ap_materno  = \'dfgfdgfd\', ap_materno  = \'dfgfdgfd\', epitafio  = \'dfgfd\', biografia  = \'gdfgdfgdfg\', sexo  = \'F\', fec_nacimiento   = str_to_date(\'01/01/1900\', \'%d/%m/%Y\'), fec_fallecimiento  = str_to_date(\'03/05/1914\', \'%d/%m/%Y\'), idRegion  = 6, idPais  = 1, idLugarEntierro  = NULL, otro_lugar_entierro  = \'gdfgdfg\' where id  = 11114'),(107,'sql_update_bio','UPDATE np_difunto set fec_actu=sysdate(), estado  = 1, nombres  = \'fdsfs\', ap_paterno  = \'dfsdfsdf\', ap_materno  = \'fdsfsdfsd\', ap_materno  = \'fdsfsdfsd\', epitafio  = \'fsdfsd\', biografia  = \'fdsfdsfsdfsd\', sexo  = \'M\', fec_nacimiento   = str_to_date(\'04/01/1905\', \'%d/%m/%Y\'), fec_fallecimiento  = str_to_date(\'01/01/1911\', \'%d/%m/%Y\'), idRegion  = 10, idPais  = 1, idLugarEntierro  = NULL, otro_lugar_entierro  = \'fdsfsdfsd\' where id  = 11120'),(108,'sql_update_bio','UPDATE np_difunto set fec_actu=sysdate(), estado  = 1, nombres  = \'csñcdoslcdsk^d\', ap_paterno  = \'´lodsadsañoip\', ap_materno  = \'dsadsa¨dsdasdas\', ap_materno  = \'dsadsa¨dsdasdas\', epitafio  = \'epitafio22223434343_____aaa\', biografia  = \'bio2\', sexo  = \'M\', fec_nacimiento   = str_to_date(\'01/01/1960\', \'%d/%m/%Y\'), fec_fallecimiento  = str_to_date(\'05/05/2014\', \'%d/%m/%Y\'), idRegion  = 1, idPais  = 1, idLugarEntierro  = 1, otro_lugar_entierro  = NULL where id  = 1'),(109,'sql_update_bio','UPDATE np_difunto set fec_actu=sysdate(), estado  = 1, nombres  = \'csñcdoslcdskd\', ap_paterno  = \'´lodsadsañoip\', ap_materno  = \'dsadsa¨dsdasdas\', ap_materno  = \'dsadsa¨dsdasdas\', epitafio  = \'epitafio22223434343_____aaa\', biografia  = \'bio2\', sexo  = \'M\', fec_nacimiento   = str_to_date(\'01/01/1960\', \'%d/%m/%Y\'), fec_fallecimiento  = str_to_date(\'05/05/2014\', \'%d/%m/%Y\'), idRegion  = 1, idPais  = 1, idLugarEntierro  = 1, otro_lugar_entierro  = NULL where id  = 1'),(110,'sql_update_bio','UPDATE np_difunto set fec_actu=sysdate(), estado  = 1, nombres  = \'csñcdoslcdskd\', ap_paterno  = \'´lodsadsañoip\', ap_materno  = \'dsadsa¨dsdasdas\', ap_materno  = \'dsadsa¨dsdasdas\', epitafio  = \'epitafio22223434343_____aaa\', biografia  = \'bio2\', sexo  = \'M\', fec_nacimiento   = str_to_date(\'01/01/1960\', \'%d/%m/%Y\'), fec_fallecimiento  = str_to_date(\'05/05/2014\', \'%d/%m/%Y\'), idRegion  = 1364, idPais  = 48, idLugarEntierro  = 1, otro_lugar_entierro  = NULL where id  = 1'),(111,'sql_update_bio','UPDATE np_difunto set fec_actu=sysdate(), estado  = 1, nombres  = \'Claudio\', ap_paterno  = \'Jara\', ap_materno  = \'ferrada\', ap_materno  = \'ferrada\', epitafio  = \'dfsfsd\', biografia  = \'fdsfsdfsd\', sexo  = \'M\', fec_nacimiento   = str_to_date(\'01/09/1909\', \'%d/%m/%Y\'), fec_fallecimiento  = str_to_date(\'01/01/1908\', \'%d/%m/%Y\'), idRegion  = 1365, idPais  = 48, idLugarEntierro  = NULL, otro_lugar_entierro  = \'test lugar\' where id  = 11126'),(112,'sql_update_bio','UPDATE np_difunto set fec_actu=sysdate(), estado  = 1, nombres  = \'Juan\', ap_paterno  = \'Perez\', ap_materno  = \'Tapia\', ap_materno  = \'Tapia\', epitafio  = \'epitafio1\', biografia  = \'bio1\', sexo  = \'M\', fec_nacimiento   = str_to_date(\'01/01/1960\', \'%d/%m/%Y\'), fec_fallecimiento  = str_to_date(\'05/05/2014\', \'%d/%m/%Y\'), idRegion  = 1364, idPais  = 48, idLugarEntierro  = 1, otro_lugar_entierro  = NULL where id  = 1'),(113,'sql_update_bio','UPDATE np_difunto set fec_actu=sysdate(), estado  = 1, nombres  = \'Juan\', ap_paterno  = \'Perez\', ap_materno  = \'Tapia\', ap_materno  = \'Tapia\', epitafio  = \'epitafio1\', biografia  = \'bio1\', sexo  = \'M\', fec_nacimiento   = str_to_date(\'01/01/1960\', \'%d/%m/%Y\'), fec_fallecimiento  = str_to_date(\'05/05/2014\', \'%d/%m/%Y\'), idRegion  = 1364, idPais  = 48, idLugarEntierro  = 1, otro_lugar_entierro  = NULL where id  = 1'),(114,'sql_update_bio','UPDATE np_difunto set fec_actu=sysdate(), estado  = 1, nombres  = \'Juan\', ap_paterno  = \'Perez\', ap_materno  = \'Tapia\', ap_materno  = \'Tapia\', epitafio  = \'epitafio1\', biografia  = \'bio1\', sexo  = \'M\', fec_nacimiento   = str_to_date(\'01/01/1960\', \'%d/%m/%Y\'), fec_fallecimiento  = str_to_date(\'05/05/2014\', \'%d/%m/%Y\'), idRegion  = 1364, idPais  = 48, idLugarEntierro  = 1, otro_lugar_entierro  = NULL where id  = 1');
/*!40000 ALTER TABLE `debug` ENABLE KEYS */;
UNLOCK TABLES;

--
-- Table structure for table `np_comentario`
--

DROP TABLE IF EXISTS `np_comentario`;
/*!40101 SET @saved_cs_client     = @@character_set_client */;
/*!40101 SET character_set_client = utf8 */;
CREATE TABLE `np_comentario` (
  `id` int(11) NOT NULL AUTO_INCREMENT,
  `texto` text,
  `idDifunto` int(11) NOT NULL COMMENT 'Asignado a difunto',
  `fec_actu` datetime DEFAULT CURRENT_TIMESTAMP,
  `idUsuario` int(11) NOT NULL COMMENT 'Crea Registro',
  `estado` int(11) DEFAULT '1',
  PRIMARY KEY (`id`),
  KEY `fk_NP_COMENTARIO_NP_DIFUNTO1_idx` (`idDifunto`),
  KEY `fk_NP_COMENTARIO_NP_USUARIO1_idx` (`idUsuario`),
  CONSTRAINT `fk_NP_COMENTARIO_NP_DIFUNTO1` FOREIGN KEY (`idDifunto`) REFERENCES `np_difunto` (`id`) ON DELETE NO ACTION ON UPDATE NO ACTION,
  CONSTRAINT `fk_NP_COMENTARIO_NP_USUARIO1` FOREIGN KEY (`idUsuario`) REFERENCES `np_usuario` (`id`) ON DELETE NO ACTION ON UPDATE NO ACTION
) ENGINE=InnoDB AUTO_INCREMENT=7 DEFAULT CHARSET=utf8;
/*!40101 SET character_set_client = @saved_cs_client */;

--
-- Dumping data for table `np_comentario`
--

LOCK TABLES `np_comentario` WRITE;
/*!40000 ALTER TABLE `np_comentario` DISABLE KEYS */;
INSERT INTO `np_comentario` VALUES (1,'comentario1',1,NULL,1,1),(2,'comentario23333',1,NULL,2,1),(3,'comentario3',1,NULL,1,1),(4,'comentario 4',1,NULL,1,1),(5,'saludos gran amigo rey follador 22',2,'2014-10-10 09:23:19',2,1),(6,'xzcxc',1,'2014-10-28 16:12:00',1,1);
/*!40000 ALTER TABLE `np_comentario` ENABLE KEYS */;
UNLOCK TABLES;

--
-- Table structure for table `np_comentario_grupo`
--

DROP TABLE IF EXISTS `np_comentario_grupo`;
/*!40101 SET @saved_cs_client     = @@character_set_client */;
/*!40101 SET character_set_client = utf8 */;
CREATE TABLE `np_comentario_grupo` (
  `idComentario` int(11) NOT NULL,
  `idGrupoRelacion` int(11) NOT NULL,
  KEY `fk_NP_COMENTARIO_GRUPO_NP_COMENTARIO1_idx` (`idComentario`),
  KEY `fk_NP_COMENTARIO_GRUPO_NP_GRUPO_RELACION1_idx` (`idGrupoRelacion`),
  CONSTRAINT `fk_NP_COMENTARIO_GRUPO_NP_COMENTARIO1` FOREIGN KEY (`idComentario`) REFERENCES `np_comentario` (`id`) ON DELETE NO ACTION ON UPDATE NO ACTION,
  CONSTRAINT `fk_NP_COMENTARIO_GRUPO_NP_GRUPO_RELACION1` FOREIGN KEY (`idGrupoRelacion`) REFERENCES `np_grupo_relacion` (`id`) ON DELETE NO ACTION ON UPDATE NO ACTION
) ENGINE=InnoDB DEFAULT CHARSET=utf8;
/*!40101 SET character_set_client = @saved_cs_client */;

--
-- Dumping data for table `np_comentario_grupo`
--

LOCK TABLES `np_comentario_grupo` WRITE;
/*!40000 ALTER TABLE `np_comentario_grupo` DISABLE KEYS */;
/*!40000 ALTER TABLE `np_comentario_grupo` ENABLE KEYS */;
UNLOCK TABLES;

--
-- Table structure for table `np_comuna`
--

DROP TABLE IF EXISTS `np_comuna`;
/*!40101 SET @saved_cs_client     = @@character_set_client */;
/*!40101 SET character_set_client = utf8 */;
CREATE TABLE `np_comuna` (
  `id` int(11) NOT NULL,
  `nombre` varchar(45) NOT NULL,
  `fec_actu` datetime DEFAULT CURRENT_TIMESTAMP,
  `idRegion` int(11) NOT NULL,
  PRIMARY KEY (`id`),
  KEY `fk_NP_COMUNA_NP_REGION1_idx` (`idRegion`),
  CONSTRAINT `fk_NP_COMUNA_NP_REGION1` FOREIGN KEY (`idRegion`) REFERENCES `np_region` (`id`) ON DELETE NO ACTION ON UPDATE NO ACTION
) ENGINE=InnoDB DEFAULT CHARSET=utf8;
/*!40101 SET character_set_client = @saved_cs_client */;

--
-- Dumping data for table `np_comuna`
--

LOCK TABLES `np_comuna` WRITE;
/*!40000 ALTER TABLE `np_comuna` DISABLE KEYS */;
INSERT INTO `np_comuna` VALUES (1,'VIÑA DEL MAR',NULL,1364);
/*!40000 ALTER TABLE `np_comuna` ENABLE KEYS */;
UNLOCK TABLES;

--
-- Table structure for table `np_configuracion`
--

DROP TABLE IF EXISTS `np_configuracion`;
/*!40101 SET @saved_cs_client     = @@character_set_client */;
/*!40101 SET character_set_client = utf8 */;
CREATE TABLE `np_configuracion` (
  `campo` varchar(100) NOT NULL,
  `valor` varchar(45) DEFAULT NULL,
  `titulo` varchar(100) DEFAULT NULL,
  `fec_actu` datetime DEFAULT CURRENT_TIMESTAMP,
  PRIMARY KEY (`campo`)
) ENGINE=InnoDB DEFAULT CHARSET=utf8;
/*!40101 SET character_set_client = @saved_cs_client */;

--
-- Dumping data for table `np_configuracion`
--

LOCK TABLES `np_configuracion` WRITE;
/*!40000 ALTER TABLE `np_configuracion` DISABLE KEYS */;
INSERT INTO `np_configuracion` VALUES ('BIOGRAFIAS_GRATIS','5',NULL,'2014-10-20 14:07:33'),('LANZAMIENTO','1',NULL,'2014-10-20 14:07:33'),('OPCION_HOME_BIO','1','ULTIMAS MODIFICACIONES',NULL),('PC4_BIO_GRATIS','3','Plan Convenio 4','2014-10-20 14:53:57'),('PF_CANT_IMG','50',NULL,NULL),('PF_CANT_VIDEO','10',NULL,NULL),('PF_TOTAL_MB_MAX_IMG','100000000',NULL,NULL),('PL_BIO_GRATIS','3','Plan lanzamiento','2014-10-20 14:08:46'),('PL_CANT_IMG','100',NULL,NULL),('PL_CANT_VIDEO','20',NULL,NULL),('PL_TOTAL_MB_MAX_IMG','200000000',NULL,NULL),('PPL_BIO_GRATIS','5','Plan prelanzamiento','2014-10-20 14:31:54'),('PP_CANT_IMG','400',NULL,NULL),('PP_CANT_VIDEO','50',NULL,NULL),('PP_TOTAL_MB_MAX_IMG','300000000',NULL,NULL);
/*!40000 ALTER TABLE `np_configuracion` ENABLE KEYS */;
UNLOCK TABLES;

--
-- Table structure for table `np_convenio`
--

DROP TABLE IF EXISTS `np_convenio`;
/*!40101 SET @saved_cs_client     = @@character_set_client */;
/*!40101 SET character_set_client = utf8 */;
CREATE TABLE `np_convenio` (
  `id` int(11) NOT NULL,
  `nombre` varchar(45) DEFAULT NULL,
  `fec_actu` datetime DEFAULT NULL,
  `idOrigen` int(11) NOT NULL,
  PRIMARY KEY (`id`),
  KEY `fk_NP_CONVENIO_NP_ORIGEN1_idx` (`idOrigen`),
  CONSTRAINT `fk_NP_CONVENIO_NP_ORIGEN1` FOREIGN KEY (`idOrigen`) REFERENCES `np_origen` (`id`) ON DELETE NO ACTION ON UPDATE NO ACTION
) ENGINE=InnoDB DEFAULT CHARSET=utf8;
/*!40101 SET character_set_client = @saved_cs_client */;

--
-- Dumping data for table `np_convenio`
--

LOCK TABLES `np_convenio` WRITE;
/*!40000 ALTER TABLE `np_convenio` DISABLE KEYS */;
INSERT INTO `np_convenio` VALUES (1,'Pre Lanzamiento',NULL,1),(2,'Lanzamiento',NULL,1);
/*!40000 ALTER TABLE `np_convenio` ENABLE KEYS */;
UNLOCK TABLES;

--
-- Table structure for table `np_difunto`
--

DROP TABLE IF EXISTS `np_difunto`;
/*!40101 SET @saved_cs_client     = @@character_set_client */;
/*!40101 SET character_set_client = utf8 */;
CREATE TABLE `np_difunto` (
  `id` int(11) NOT NULL AUTO_INCREMENT,
  `nombres` varchar(45) DEFAULT NULL,
  `ap_paterno` varchar(45) DEFAULT NULL,
  `ap_materno` varchar(45) DEFAULT NULL,
  `fec_nacimiento` varchar(45) DEFAULT NULL,
  `fec_fallecimiento` varchar(45) DEFAULT NULL,
  `epitafio` varchar(1000) DEFAULT NULL,
  `biografia` text,
  `fec_actu` datetime DEFAULT CURRENT_TIMESTAMP,
  `idAdministrador` int(11) NOT NULL,
  `idPlan` int(11) NOT NULL,
  `code_QR` varchar(45) DEFAULT NULL,
  `estado` int(11) DEFAULT '1',
  `sexo` varchar(1) DEFAULT NULL,
  `idTema` int(11) NOT NULL DEFAULT '1',
  `idComuna` int(11) DEFAULT NULL,
  `fec_registro` datetime DEFAULT CURRENT_TIMESTAMP,
  `idLugarEntierro` int(11) DEFAULT NULL,
  `idRegion` int(11) NOT NULL,
  `otro_lugar_entierro` varchar(200) DEFAULT NULL,
  `idPais` int(11) NOT NULL,
  `url_avatar` varchar(150) DEFAULT NULL,
  `url_banner` varchar(150) DEFAULT NULL,
  PRIMARY KEY (`id`),
  KEY `fk_NP_DIFUNTO_NP_USUARIO1_idx` (`idAdministrador`),
  KEY `fk_NP_DIFUNTO_NP_PLAN1_idx` (`idPlan`),
  KEY `fk_NP_DIFUNTO_NP_TEMAS1_idx` (`idTema`),
  KEY `fk_NP_DIFUNTO_NP_COMUNA1_idx` (`idComuna`),
  KEY `fk_NP_DIFUNTO_NP_LUGAR_ENTIERRO1_idx` (`idLugarEntierro`),
  KEY `fk_NP_DIFUNTO_NP_REGION1_idx` (`idRegion`),
  KEY `fk_NP_DIFUNTO_NP_PAIS1_idx` (`idPais`),
  CONSTRAINT `fk_NP_DIFUNTO_NP_COMUNA1` FOREIGN KEY (`idComuna`) REFERENCES `np_comuna` (`id`) ON DELETE NO ACTION ON UPDATE NO ACTION,
  CONSTRAINT `fk_NP_DIFUNTO_NP_LUGAR_ENTIERRO1` FOREIGN KEY (`idLugarEntierro`) REFERENCES `np_lugar_entierro` (`id`) ON DELETE NO ACTION ON UPDATE NO ACTION,
  CONSTRAINT `fk_NP_DIFUNTO_NP_PAIS1` FOREIGN KEY (`idPais`) REFERENCES `np_pais` (`id`) ON DELETE NO ACTION ON UPDATE NO ACTION,
  CONSTRAINT `fk_NP_DIFUNTO_NP_PLAN1` FOREIGN KEY (`idPlan`) REFERENCES `np_plan` (`idPlan`) ON DELETE NO ACTION ON UPDATE NO ACTION,
  CONSTRAINT `fk_NP_DIFUNTO_NP_REGION1` FOREIGN KEY (`idRegion`) REFERENCES `np_region` (`id`) ON DELETE NO ACTION ON UPDATE NO ACTION,
  CONSTRAINT `fk_NP_DIFUNTO_NP_TEMAS1` FOREIGN KEY (`idTema`) REFERENCES `np_temas` (`id`) ON DELETE NO ACTION ON UPDATE NO ACTION,
  CONSTRAINT `fk_NP_DIFUNTO_NP_USUARIO1` FOREIGN KEY (`idAdministrador`) REFERENCES `np_usuario` (`id`) ON DELETE NO ACTION ON UPDATE NO ACTION
) ENGINE=InnoDB AUTO_INCREMENT=24 DEFAULT CHARSET=utf8;
/*!40101 SET character_set_client = @saved_cs_client */;

--
-- Dumping data for table `np_difunto`
--

LOCK TABLES `np_difunto` WRITE;
/*!40000 ALTER TABLE `np_difunto` DISABLE KEYS */;
INSERT INTO `np_difunto` VALUES (1,'qa_Juan','Perez','Tapia','1960-06-01','2014-05-05','epitafio1 cccdfdfgdf','bio1dsdsd sd sdsd sds dsdsdsdsds cccc dfgdf','2014-10-28 16:09:26',1,3,NULL,1,'M',1,NULL,NULL,1,1364,NULL,48,'https://s3-us-west-2.amazonaws.com/nplace/cbaddf93-35fb-4153-9e7a-a39f513164f9//d257a418-cdf0-4302-84c6-086111132542.jpg',NULL),(2,'qa_Nicolas Eduardo','Rey','Follador','1918-12-19','2005-12-19','Un gran amigo de todos, saludos rey follador','Un gran amigo de todos, saludos rey follador','2014-10-10 09:18:13',2,1,NULL,1,'M',1,NULL,'2014-10-10 09:16:56',1,1364,NULL,48,'https://s3-us-west-2.amazonaws.com/nplace/68e2ce3b-0426-4ba9-8c07-f7b2a14b919f//59f26b05-3238-43ea-b46e-4ec5b5b01d65.jpg','https://s3-us-west-2.amazonaws.com/nplace/6b763387-1ca5-4693-be60-f195ffde822f//5e4b627d-dbfc-409d-87d8-0cb2c7cd6ae7.jpg'),(3,'','','','1900-01-01','1900-01-01','','','2014-10-22 15:01:14',4,3,NULL,2,'M',1,NULL,'2014-10-22 15:01:14',NULL,1375,'',48,'',''),(4,'','','','1900-01-01','1900-01-01','','','2014-10-22 15:01:14',4,3,NULL,2,'M',1,NULL,'2014-10-22 15:01:14',NULL,1375,'',48,'',''),(5,'','','','1900-01-01','1900-01-01','','','2014-10-22 15:01:14',4,3,NULL,2,'M',1,NULL,'2014-10-22 15:01:14',NULL,1375,'',48,'',''),(6,'','','','1900-01-01','1900-01-01','','','2014-10-27 09:36:40',5,3,NULL,2,'M',1,NULL,'2014-10-27 09:36:40',NULL,1375,'',48,'',''),(7,'','','','1900-01-01','1900-01-01','','','2014-10-27 09:36:40',5,3,NULL,2,'M',1,NULL,'2014-10-27 09:36:40',NULL,1375,'',48,'',''),(8,'','','','1900-01-01','1900-01-01','','','2014-10-27 09:36:40',5,3,NULL,2,'M',1,NULL,'2014-10-27 09:36:40',NULL,1375,'',48,'',''),(9,'','','','1900-01-01','1900-01-01','','','2014-11-04 08:19:13',6,3,NULL,2,'M',1,NULL,'2014-11-04 08:19:13',NULL,1375,'',48,'',''),(10,'','','','1900-01-01','1900-01-01','','','2014-11-04 08:19:13',6,3,NULL,2,'M',1,NULL,'2014-11-04 08:19:13',NULL,1375,'',48,'',''),(11,'','','','1900-01-01','1900-01-01','','','2014-11-04 08:19:13',6,3,NULL,2,'M',1,NULL,'2014-11-04 08:19:13',NULL,1375,'',48,'',''),(12,'','','','1900-01-01','1900-01-01','','','2014-11-04 08:28:37',7,3,NULL,2,'M',1,NULL,'2014-11-04 08:28:37',NULL,1375,'',48,'',''),(13,'','','','1900-01-01','1900-01-01','','','2014-11-04 08:28:37',7,3,NULL,2,'M',1,NULL,'2014-11-04 08:28:37',NULL,1375,'',48,'',''),(14,'','','','1900-01-01','1900-01-01','','','2014-11-04 08:28:37',7,3,NULL,2,'M',1,NULL,'2014-11-04 08:28:37',NULL,1375,'',48,'',''),(15,'','','','1900-01-01','1900-01-01','','','2014-11-17 13:20:02',8,3,NULL,2,'M',1,NULL,'2014-11-17 13:20:02',NULL,1375,'',48,'',''),(16,'','','','1900-01-01','1900-01-01','','','2014-11-17 13:20:02',8,3,NULL,2,'M',1,NULL,'2014-11-17 13:20:02',NULL,1375,'',48,'',''),(17,'','','','1900-01-01','1900-01-01','','','2014-11-17 13:20:02',8,3,NULL,2,'M',1,NULL,'2014-11-17 13:20:02',NULL,1375,'',48,'',''),(18,'','','','1900-01-01','1900-01-01','','','2016-01-28 09:18:27',9,3,NULL,2,'M',1,NULL,'2016-01-28 09:18:27',NULL,1375,'',48,'',''),(19,'','','','1900-01-01','1900-01-01','','','2016-01-28 09:18:27',9,3,NULL,2,'M',1,NULL,'2016-01-28 09:18:27',NULL,1375,'',48,'',''),(20,'','','','1900-01-01','1900-01-01','','','2016-01-28 09:18:27',9,3,NULL,2,'M',1,NULL,'2016-01-28 09:18:27',NULL,1375,'',48,'',''),(21,'','','','1900-01-01','1900-01-01','','','2016-01-28 13:58:04',10,3,NULL,2,'M',1,NULL,'2016-01-28 13:58:04',NULL,1375,'',48,'',''),(22,'','','','1900-01-01','1900-01-01','','','2016-01-28 13:58:04',10,3,NULL,2,'M',1,NULL,'2016-01-28 13:58:04',NULL,1375,'',48,'',''),(23,'','','','1900-01-01','1900-01-01','','','2016-01-28 13:58:04',10,3,NULL,2,'M',1,NULL,'2016-01-28 13:58:04',NULL,1375,'',48,'','');
/*!40000 ALTER TABLE `np_difunto` ENABLE KEYS */;
UNLOCK TABLES;

--
-- Table structure for table `np_enlace_video`
--

DROP TABLE IF EXISTS `np_enlace_video`;
/*!40101 SET @saved_cs_client     = @@character_set_client */;
/*!40101 SET character_set_client = utf8 */;
CREATE TABLE `np_enlace_video` (
  `id` int(11) NOT NULL AUTO_INCREMENT,
  `url` varchar(80) DEFAULT NULL,
  `comentario` text,
  `fec_actu` varchar(45) DEFAULT 'CURRENT_TIMESTAMP',
  `estado` int(11) DEFAULT '1',
  `identificador` varchar(45) DEFAULT NULL,
  `idUsuario` int(11) NOT NULL,
  `idDifunto` int(11) NOT NULL,
  PRIMARY KEY (`id`),
  KEY `fk_NP_ENLACE_VIDEO_NP_USUARIO1_idx` (`idUsuario`),
  KEY `fk_NP_ENLACE_VIDEO_NP_DIFUNTO1_idx` (`idDifunto`),
  CONSTRAINT `fk_NP_ENLACE_VIDEO_NP_DIFUNTO1` FOREIGN KEY (`idDifunto`) REFERENCES `np_difunto` (`id`) ON DELETE NO ACTION ON UPDATE NO ACTION,
  CONSTRAINT `fk_NP_ENLACE_VIDEO_NP_USUARIO1` FOREIGN KEY (`idUsuario`) REFERENCES `np_usuario` (`id`) ON DELETE NO ACTION ON UPDATE NO ACTION
) ENGINE=InnoDB DEFAULT CHARSET=utf8;
/*!40101 SET character_set_client = @saved_cs_client */;

--
-- Dumping data for table `np_enlace_video`
--

LOCK TABLES `np_enlace_video` WRITE;
/*!40000 ALTER TABLE `np_enlace_video` DISABLE KEYS */;
/*!40000 ALTER TABLE `np_enlace_video` ENABLE KEYS */;
UNLOCK TABLES;

--
-- Table structure for table `np_enlace_video_grupo`
--

DROP TABLE IF EXISTS `np_enlace_video_grupo`;
/*!40101 SET @saved_cs_client     = @@character_set_client */;
/*!40101 SET character_set_client = utf8 */;
CREATE TABLE `np_enlace_video_grupo` (
  `idEnlaceVideo` int(11) NOT NULL,
  `idGrupoRelacion` int(11) NOT NULL,
  KEY `fk_NP_ENLACE_VIDEO_GRUPO_NP_ENLACE_VIDEO1_idx` (`idEnlaceVideo`),
  KEY `fk_NP_ENLACE_VIDEO_GRUPO_NP_GRUPO_RELACION1_idx` (`idGrupoRelacion`),
  CONSTRAINT `fk_NP_ENLACE_VIDEO_GRUPO_NP_ENLACE_VIDEO1` FOREIGN KEY (`idEnlaceVideo`) REFERENCES `np_enlace_video` (`id`) ON DELETE NO ACTION ON UPDATE NO ACTION,
  CONSTRAINT `fk_NP_ENLACE_VIDEO_GRUPO_NP_GRUPO_RELACION1` FOREIGN KEY (`idGrupoRelacion`) REFERENCES `np_grupo_relacion` (`id`) ON DELETE NO ACTION ON UPDATE NO ACTION
) ENGINE=InnoDB DEFAULT CHARSET=utf8;
/*!40101 SET character_set_client = @saved_cs_client */;

--
-- Dumping data for table `np_enlace_video_grupo`
--

LOCK TABLES `np_enlace_video_grupo` WRITE;
/*!40000 ALTER TABLE `np_enlace_video_grupo` DISABLE KEYS */;
/*!40000 ALTER TABLE `np_enlace_video_grupo` ENABLE KEYS */;
UNLOCK TABLES;

--
-- Table structure for table `np_evento`
--

DROP TABLE IF EXISTS `np_evento`;
/*!40101 SET @saved_cs_client     = @@character_set_client */;
/*!40101 SET character_set_client = utf8 */;
CREATE TABLE `np_evento` (
  `fecha` varchar(45) DEFAULT NULL,
  `notificacion` int(11) DEFAULT NULL COMMENT 'grupos= 1:todos, 2:amigos, 3:familiares',
  `titulo` varchar(45) DEFAULT NULL,
  `descripcion` varchar(200) DEFAULT NULL,
  `fec_actu` timestamp NULL DEFAULT CURRENT_TIMESTAMP,
  `estado` int(11) DEFAULT '1',
  `id` int(11) NOT NULL AUTO_INCREMENT,
  `idDifunto` int(11) NOT NULL,
  `idUsuario` int(11) NOT NULL,
  PRIMARY KEY (`id`),
  KEY `fk_NP_EVENTO_NP_DIFUNTO1_idx` (`idDifunto`),
  KEY `fk_NP_EVENTO_NP_USUARIO1_idx` (`idUsuario`),
  CONSTRAINT `fk_NP_EVENTO_NP_DIFUNTO1` FOREIGN KEY (`idDifunto`) REFERENCES `np_difunto` (`id`) ON DELETE NO ACTION ON UPDATE NO ACTION,
  CONSTRAINT `fk_NP_EVENTO_NP_USUARIO1` FOREIGN KEY (`idUsuario`) REFERENCES `np_usuario` (`id`) ON DELETE NO ACTION ON UPDATE NO ACTION
) ENGINE=InnoDB DEFAULT CHARSET=utf8;
/*!40101 SET character_set_client = @saved_cs_client */;

--
-- Dumping data for table `np_evento`
--

LOCK TABLES `np_evento` WRITE;
/*!40000 ALTER TABLE `np_evento` DISABLE KEYS */;
/*!40000 ALTER TABLE `np_evento` ENABLE KEYS */;
UNLOCK TABLES;

--
-- Table structure for table `np_factura`
--

DROP TABLE IF EXISTS `np_factura`;
/*!40101 SET @saved_cs_client     = @@character_set_client */;
/*!40101 SET character_set_client = utf8 */;
CREATE TABLE `np_factura` (
  `id_orden_compra` int(11) NOT NULL AUTO_INCREMENT,
  `rut` varchar(10) DEFAULT NULL,
  `rsocial` varchar(100) DEFAULT NULL,
  `direccion` varchar(100) DEFAULT NULL,
  `telefono` int(11) DEFAULT NULL,
  `email` varchar(45) DEFAULT NULL,
  PRIMARY KEY (`id_orden_compra`)
) ENGINE=InnoDB AUTO_INCREMENT=55 DEFAULT CHARSET=utf8;
/*!40101 SET character_set_client = @saved_cs_client */;

--
-- Dumping data for table `np_factura`
--

LOCK TABLES `np_factura` WRITE;
/*!40000 ALTER TABLE `np_factura` DISABLE KEYS */;
INSERT INTO `np_factura` VALUES (46,'13428305-k','sdklsakdlskº','dasdsadsa',99999999,'rodrigo.rivera@isercon.cl'),(47,'13428305-K','rodrigo','dfgf',99999999,'rodrigo.rivera@isercon.cl'),(48,'13428305-k','Test','Direccion',1234567,'r.contreras@vtr.net'),(49,'13428305-k','Test','Direccion',1234567,'r.contreras@vtr.net'),(50,'13428305-k','rrrrrrr','r<dsad:',99999999,'rodrigo.rivera@isercon.cl'),(51,'13428305-k','rrrrrrr','saçl?ld',99999999,'rodrigo.rivera@isercon.cl'),(52,'13428305-k','roefsdfsd','asdsdds',99999999,'rodrigo.rivera@isercon.cl'),(53,'13428305-k','roefsdfsd','asdsdds',99999999,'rodrigo.rivera@isercon.cl'),(54,'13636292-5','Mi Nombre','Direccion',12345678,'r.contreras@vtr.net');
/*!40000 ALTER TABLE `np_factura` ENABLE KEYS */;
UNLOCK TABLES;

--
-- Table structure for table `np_fecha_conmemorativa`
--

DROP TABLE IF EXISTS `np_fecha_conmemorativa`;
/*!40101 SET @saved_cs_client     = @@character_set_client */;
/*!40101 SET character_set_client = utf8 */;
CREATE TABLE `np_fecha_conmemorativa` (
  `fecha` varchar(45) DEFAULT NULL,
  `notificacion` int(11) DEFAULT NULL COMMENT 'grupos= 1:todos, 2:amigos, 3:familiares',
  `titulo` varchar(45) DEFAULT NULL,
  `descripcion` varchar(200) DEFAULT NULL,
  `fec_actu` timestamp NULL DEFAULT CURRENT_TIMESTAMP,
  `estado` int(11) DEFAULT '1',
  `id` int(11) NOT NULL AUTO_INCREMENT,
  `idDifunto` int(11) NOT NULL,
  `idUsuario` int(11) NOT NULL,
  PRIMARY KEY (`id`),
  KEY `fk_NP_FECHA_CONMEMORATIVA_NP_DIFUNTO1_idx` (`idDifunto`),
  KEY `fk_NP_FECHA_CONMEMORATIVA_NP_USUARIO1_idx` (`idUsuario`),
  CONSTRAINT `fk_NP_FECHA_CONMEMORATIVA_NP_DIFUNTO1` FOREIGN KEY (`idDifunto`) REFERENCES `np_difunto` (`id`) ON DELETE NO ACTION ON UPDATE NO ACTION,
  CONSTRAINT `fk_NP_FECHA_CONMEMORATIVA_NP_USUARIO1` FOREIGN KEY (`idUsuario`) REFERENCES `np_usuario` (`id`) ON DELETE NO ACTION ON UPDATE NO ACTION
) ENGINE=InnoDB DEFAULT CHARSET=utf8;
/*!40101 SET character_set_client = @saved_cs_client */;

--
-- Dumping data for table `np_fecha_conmemorativa`
--

LOCK TABLES `np_fecha_conmemorativa` WRITE;
/*!40000 ALTER TABLE `np_fecha_conmemorativa` DISABLE KEYS */;
/*!40000 ALTER TABLE `np_fecha_conmemorativa` ENABLE KEYS */;
UNLOCK TABLES;

--
-- Table structure for table `np_fecha_grupo`
--

DROP TABLE IF EXISTS `np_fecha_grupo`;
/*!40101 SET @saved_cs_client     = @@character_set_client */;
/*!40101 SET character_set_client = utf8 */;
CREATE TABLE `np_fecha_grupo` (
  `idGrupoRelacion` int(11) NOT NULL,
  `idFechaConmemorativa` int(11) NOT NULL,
  KEY `fk_NP_FECHA_GRUPO_NP_GRUPO_RELACION1_idx` (`idGrupoRelacion`),
  KEY `fk_NP_FECHA_GRUPO_NP_FECHA_CONMEMORATIVA1_idx` (`idFechaConmemorativa`),
  CONSTRAINT `fk_NP_FECHA_GRUPO_NP_FECHA_CONMEMORATIVA1` FOREIGN KEY (`idFechaConmemorativa`) REFERENCES `np_fecha_conmemorativa` (`id`) ON DELETE NO ACTION ON UPDATE NO ACTION,
  CONSTRAINT `fk_NP_FECHA_GRUPO_NP_GRUPO_RELACION1` FOREIGN KEY (`idGrupoRelacion`) REFERENCES `np_grupo_relacion` (`id`) ON DELETE NO ACTION ON UPDATE NO ACTION
) ENGINE=InnoDB DEFAULT CHARSET=utf8;
/*!40101 SET character_set_client = @saved_cs_client */;

--
-- Dumping data for table `np_fecha_grupo`
--

LOCK TABLES `np_fecha_grupo` WRITE;
/*!40000 ALTER TABLE `np_fecha_grupo` DISABLE KEYS */;
/*!40000 ALTER TABLE `np_fecha_grupo` ENABLE KEYS */;
UNLOCK TABLES;

--
-- Table structure for table `np_fecha_importantes`
--

DROP TABLE IF EXISTS `np_fecha_importantes`;
/*!40101 SET @saved_cs_client     = @@character_set_client */;
/*!40101 SET character_set_client = utf8 */;
CREATE TABLE `np_fecha_importantes` (
  `fecha` varchar(45) DEFAULT NULL,
  `notificacion` int(11) DEFAULT NULL COMMENT 'grupos= 1:todos, 2:amigos, 3:familiares',
  `titulo` varchar(45) DEFAULT NULL,
  `descripcion` varchar(200) DEFAULT NULL,
  `fec_actu` timestamp NULL DEFAULT CURRENT_TIMESTAMP,
  `estado` int(11) DEFAULT '1',
  `id` int(11) NOT NULL AUTO_INCREMENT,
  `idDifunto` int(11) NOT NULL,
  `idUsuario` int(11) NOT NULL,
  `NP_FECHA_IMPORTANTEScol` varchar(45) NOT NULL,
  PRIMARY KEY (`id`,`NP_FECHA_IMPORTANTEScol`),
  KEY `fk_NP_FECHA_IMPORTANTES_NP_DIFUNTO1_idx` (`idDifunto`),
  KEY `fk_NP_FECHA_IMPORTANTES_NP_USUARIO1_idx` (`idUsuario`),
  CONSTRAINT `fk_NP_FECHA_IMPORTANTES_NP_DIFUNTO1` FOREIGN KEY (`idDifunto`) REFERENCES `np_difunto` (`id`) ON DELETE NO ACTION ON UPDATE NO ACTION,
  CONSTRAINT `fk_NP_FECHA_IMPORTANTES_NP_USUARIO1` FOREIGN KEY (`idUsuario`) REFERENCES `np_usuario` (`id`) ON DELETE NO ACTION ON UPDATE NO ACTION
) ENGINE=InnoDB DEFAULT CHARSET=utf8;
/*!40101 SET character_set_client = @saved_cs_client */;

--
-- Dumping data for table `np_fecha_importantes`
--

LOCK TABLES `np_fecha_importantes` WRITE;
/*!40000 ALTER TABLE `np_fecha_importantes` DISABLE KEYS */;
/*!40000 ALTER TABLE `np_fecha_importantes` ENABLE KEYS */;
UNLOCK TABLES;

--
-- Table structure for table `np_fechas`
--

DROP TABLE IF EXISTS `np_fechas`;
/*!40101 SET @saved_cs_client     = @@character_set_client */;
/*!40101 SET character_set_client = utf8 */;
CREATE TABLE `np_fechas` (
  `id` int(11) NOT NULL AUTO_INCREMENT,
  `fecha` varchar(45) DEFAULT NULL,
  `notificacion` varchar(45) DEFAULT NULL COMMENT 'grupos= 1:todos, 2:amigos, 3:familiares',
  `titulo` varchar(45) DEFAULT NULL,
  `mensaje` varchar(45) DEFAULT NULL,
  `fec_actu` datetime DEFAULT NULL,
  `idDifunto` int(11) NOT NULL COMMENT 'Asignado a difunto',
  `idUsuario` int(11) NOT NULL COMMENT 'Crea registro',
  `estado` int(11) DEFAULT '1',
  PRIMARY KEY (`id`),
  KEY `fk_NP_FECHAS_NP_DIFUNTO1_idx` (`idDifunto`),
  KEY `fk_NP_FECHAS_NP_USUARIO1_idx` (`idUsuario`),
  CONSTRAINT `fk_NP_FECHAS_NP_DIFUNTO1` FOREIGN KEY (`idDifunto`) REFERENCES `np_difunto` (`id`) ON DELETE NO ACTION ON UPDATE NO ACTION,
  CONSTRAINT `fk_NP_FECHAS_NP_USUARIO1` FOREIGN KEY (`idUsuario`) REFERENCES `np_usuario` (`id`) ON DELETE NO ACTION ON UPDATE NO ACTION
) ENGINE=InnoDB DEFAULT CHARSET=utf8;
/*!40101 SET character_set_client = @saved_cs_client */;

--
-- Dumping data for table `np_fechas`
--

LOCK TABLES `np_fechas` WRITE;
/*!40000 ALTER TABLE `np_fechas` DISABLE KEYS */;
/*!40000 ALTER TABLE `np_fechas` ENABLE KEYS */;
UNLOCK TABLES;

--
-- Table structure for table `np_foto`
--

DROP TABLE IF EXISTS `np_foto`;
/*!40101 SET @saved_cs_client     = @@character_set_client */;
/*!40101 SET character_set_client = utf8 */;
CREATE TABLE `np_foto` (
  `id` int(11) NOT NULL AUTO_INCREMENT,
  `url` varchar(200) DEFAULT NULL,
  `fec_actu` varchar(45) DEFAULT NULL,
  `comentario` text,
  `idDifunto` int(11) NOT NULL COMMENT 'Asignado a difunto',
  `idUsuario` int(11) NOT NULL COMMENT 'Crea registro',
  `estado` int(11) DEFAULT '1',
  `length` int(11) DEFAULT NULL,
  PRIMARY KEY (`id`),
  KEY `fk_NP_FOTO_NP_DIFUNTO1_idx` (`idDifunto`),
  KEY `fk_NP_FOTO_NP_USUARIO1_idx` (`idUsuario`),
  CONSTRAINT `fk_NP_FOTO_NP_DIFUNTO1` FOREIGN KEY (`idDifunto`) REFERENCES `np_difunto` (`id`) ON DELETE NO ACTION ON UPDATE NO ACTION,
  CONSTRAINT `fk_NP_FOTO_NP_USUARIO1` FOREIGN KEY (`idUsuario`) REFERENCES `np_usuario` (`id`) ON DELETE NO ACTION ON UPDATE NO ACTION
) ENGINE=InnoDB AUTO_INCREMENT=2 DEFAULT CHARSET=utf8;
/*!40101 SET character_set_client = @saved_cs_client */;

--
-- Dumping data for table `np_foto`
--

LOCK TABLES `np_foto` WRITE;
/*!40000 ALTER TABLE `np_foto` DISABLE KEYS */;
INSERT INTO `np_foto` VALUES (1,'https://s3-us-west-2.amazonaws.com/nplace/imagenes/2/6fd02d6c-3544-4084-8310-08a8557166fb-large.jpeg','2014-10-10 10:35:06','ddd',2,2,1,25135);
/*!40000 ALTER TABLE `np_foto` ENABLE KEYS */;
UNLOCK TABLES;

--
-- Table structure for table `np_foto_grupo`
--

DROP TABLE IF EXISTS `np_foto_grupo`;
/*!40101 SET @saved_cs_client     = @@character_set_client */;
/*!40101 SET character_set_client = utf8 */;
CREATE TABLE `np_foto_grupo` (
  `idFoto` int(11) NOT NULL,
  `idGrupoRelacion` int(11) NOT NULL,
  KEY `fk_NP_FOTO_GRUPO_NP_FOTO1_idx` (`idFoto`),
  KEY `fk_NP_FOTO_GRUPO_NP_GRUPO_RELACION1_idx` (`idGrupoRelacion`),
  CONSTRAINT `fk_NP_FOTO_GRUPO_NP_FOTO1` FOREIGN KEY (`idFoto`) REFERENCES `np_foto` (`id`) ON DELETE NO ACTION ON UPDATE NO ACTION,
  CONSTRAINT `fk_NP_FOTO_GRUPO_NP_GRUPO_RELACION1` FOREIGN KEY (`idGrupoRelacion`) REFERENCES `np_grupo_relacion` (`id`) ON DELETE NO ACTION ON UPDATE NO ACTION
) ENGINE=InnoDB DEFAULT CHARSET=utf8;
/*!40101 SET character_set_client = @saved_cs_client */;

--
-- Dumping data for table `np_foto_grupo`
--

LOCK TABLES `np_foto_grupo` WRITE;
/*!40000 ALTER TABLE `np_foto_grupo` DISABLE KEYS */;
/*!40000 ALTER TABLE `np_foto_grupo` ENABLE KEYS */;
UNLOCK TABLES;

--
-- Table structure for table `np_grupo_relacion`
--

DROP TABLE IF EXISTS `np_grupo_relacion`;
/*!40101 SET @saved_cs_client     = @@character_set_client */;
/*!40101 SET character_set_client = utf8 */;
CREATE TABLE `np_grupo_relacion` (
  `id` int(11) NOT NULL,
  `grupo` varchar(45) DEFAULT NULL COMMENT '0: Todos: Incluye visitas',
  `fec_actu` datetime DEFAULT CURRENT_TIMESTAMP,
  PRIMARY KEY (`id`)
) ENGINE=InnoDB DEFAULT CHARSET=utf8;
/*!40101 SET character_set_client = @saved_cs_client */;

--
-- Dumping data for table `np_grupo_relacion`
--

LOCK TABLES `np_grupo_relacion` WRITE;
/*!40000 ALTER TABLE `np_grupo_relacion` DISABLE KEYS */;
INSERT INTO `np_grupo_relacion` VALUES (1,'AMIGO',NULL),(2,'FAMILIAR',NULL);
/*!40000 ALTER TABLE `np_grupo_relacion` ENABLE KEYS */;
UNLOCK TABLES;

--
-- Table structure for table `np_lugar_entierro`
--

DROP TABLE IF EXISTS `np_lugar_entierro`;
/*!40101 SET @saved_cs_client     = @@character_set_client */;
/*!40101 SET character_set_client = utf8 */;
CREATE TABLE `np_lugar_entierro` (
  `id` int(11) NOT NULL AUTO_INCREMENT,
  `nombre` varchar(200) DEFAULT NULL,
  `direccion` varchar(200) DEFAULT NULL,
  `fec_actu` datetime DEFAULT CURRENT_TIMESTAMP,
  `idPais` int(11) NOT NULL,
  PRIMARY KEY (`id`),
  KEY `fk_NP_LUGAR_ENTIERRO_NP_PAIS1_idx` (`idPais`),
  CONSTRAINT `fk_NP_LUGAR_ENTIERRO_NP_PAIS1` FOREIGN KEY (`idPais`) REFERENCES `np_pais` (`id`) ON DELETE NO ACTION ON UPDATE NO ACTION
) ENGINE=InnoDB AUTO_INCREMENT=26 DEFAULT CHARSET=utf8;
/*!40101 SET character_set_client = @saved_cs_client */;

--
-- Dumping data for table `np_lugar_entierro`
--

LOCK TABLES `np_lugar_entierro` WRITE;
/*!40000 ALTER TABLE `np_lugar_entierro` DISABLE KEYS */;
INSERT INTO `np_lugar_entierro` VALUES (1,'Parque Rememoranzas','Av. Concon Reñaca #1452, Concon',NULL,48),(2,'Cementerio Camino Canaan','La Farfana 081 – Pudahuel','2014-10-10 08:43:51',48),(3,'Cementerio Católico','Av.Valdivieso 555','2014-10-10 08:43:51',48),(4,'Cementerio Católico De Maipu ',' Maipú 900','2014-10-10 08:43:51',48),(5,'Cementerio Evangélico Nueva Jerusalen',' Enrique Mac-Iver 225 P.5  ','2014-10-10 08:43:52',48),(6,'Cementerio General','Profesor Alberto Zañartu 951  - Recoleta','2014-10-10 08:43:52',48),(7,'Cementerio Melipilla','Melipilla  ','2014-10-10 08:43:52',48),(8,'Cementerio Metropolitano ','Av.Presidente José J.Prieto Vial 8521','2014-10-10 08:43:52',48),(9,'Cementerio Parque Del Recuerdo Cordillera','Ramón Cruz 76','2014-10-10 08:43:52',48),(10,'Cementerio Parque Del Recuerdo Américo Vespucio','Av.Américo Vespucio 555','2014-10-10 08:45:47',48),(11,'Cementerio Parque Del Recuerdo Padre Hurtado','Manuel Castillo 1981-A  - Malloco','2014-10-10 08:45:47',48),(12,'Cementerio Parque Del Sendero','Enrique Mac-Iver 225 P.5 (Oficinas)','2014-10-10 08:45:47',48),(13,'Cementerio Parque El Prado','Av.Camilo Henríquez 4673 Parad.24½','2014-10-10 08:45:47',48),(14,'Cementerio Parque Los Arcos De Melipilla','Valdés 703  - Melipilla','2014-10-10 08:45:47',48),(15,'Cementerio Parque Sacramental San Joaquín',' San José 342','2014-10-10 08:45:47',48),(16,'Cementerio Parque Santiago','Rinconada El Salto 0516','2014-10-10 08:45:47',48),(17,'Cementerio Santuario Parque La Oracion','Fontt 135 Of.4  - Colina','2014-10-10 08:45:47',48),(18,'Cementerio Católico Parroquial','Av.Arzobispo Valdivieso 555','2014-10-10 08:45:47',48),(19,'Cementerio de Buin','General Rafael Gualda 526','2014-10-10 08:45:47',48),(20,'Cementerio Israelita de Conchalí','Enrique Donoso 489','2014-10-10 08:45:47',48),(21,'Cementerio Melipilla','Cementerio','2014-10-10 08:45:47',48),(22,'Cementerio Parroquial','Isabel Riquelme 1000','2014-10-10 08:45:47',48),(23,'Cementerio Parroquial de Maipú','Maipú 900','2014-10-10 08:45:47',48),(24,'Cementerio San Bernardo','12 de Febrero 0204','2014-10-10 08:45:47',48),(25,'Cementerio Y Crematorio de Mascotas Del Pilar','Altamirano 2519','2014-10-10 08:45:47',48);
/*!40000 ALTER TABLE `np_lugar_entierro` ENABLE KEYS */;
UNLOCK TABLES;

--
-- Table structure for table `np_origen`
--

DROP TABLE IF EXISTS `np_origen`;
/*!40101 SET @saved_cs_client     = @@character_set_client */;
/*!40101 SET character_set_client = utf8 */;
CREATE TABLE `np_origen` (
  `id` int(11) NOT NULL,
  `nombre` varchar(45) DEFAULT NULL,
  `fec_actu` datetime DEFAULT NULL,
  PRIMARY KEY (`id`)
) ENGINE=InnoDB DEFAULT CHARSET=utf8;
/*!40101 SET character_set_client = @saved_cs_client */;

--
-- Dumping data for table `np_origen`
--

LOCK TABLES `np_origen` WRITE;
/*!40000 ALTER TABLE `np_origen` DISABLE KEYS */;
INSERT INTO `np_origen` VALUES (1,'Web',NULL),(2,'PARQUE DEL MAR',NULL);
/*!40000 ALTER TABLE `np_origen` ENABLE KEYS */;
UNLOCK TABLES;

--
-- Table structure for table `np_pais`
--

DROP TABLE IF EXISTS `np_pais`;
/*!40101 SET @saved_cs_client     = @@character_set_client */;
/*!40101 SET character_set_client = utf8 */;
CREATE TABLE `np_pais` (
  `id` int(11) NOT NULL,
  `nombre` varchar(45) NOT NULL,
  `fec_actu` datetime DEFAULT CURRENT_TIMESTAMP,
  PRIMARY KEY (`id`)
) ENGINE=InnoDB DEFAULT CHARSET=utf8;
/*!40101 SET character_set_client = @saved_cs_client */;

--
-- Dumping data for table `np_pais`
--

LOCK TABLES `np_pais` WRITE;
/*!40000 ALTER TABLE `np_pais` DISABLE KEYS */;
INSERT INTO `np_pais` VALUES (1,'Afghanistan','2014-09-25 15:00:37'),(2,'Albania','2014-09-25 15:00:37'),(3,'Algeria','2014-09-25 15:00:37'),(4,'American Samoa','2014-09-25 15:00:37'),(5,'Andorra','2014-09-25 15:00:37'),(6,'Angola','2014-09-25 15:00:37'),(7,'Anguilla','2014-09-25 15:00:37'),(8,'Antarctica','2014-09-25 15:00:37'),(9,'Antigua and Barbuda','2014-09-25 15:00:37'),(10,'Argentina','2014-09-25 15:00:37'),(11,'Armenia','2014-09-25 15:00:38'),(12,'Aruba','2014-09-25 15:00:38'),(13,'Ashmore and Cartier','2014-09-25 15:00:38'),(14,'Australia','2014-09-25 15:00:38'),(15,'Austria','2014-09-25 15:00:38'),(16,'Azerbaijan','2014-09-25 15:00:38'),(17,'The Bahamas','2014-09-25 15:00:44'),(18,'Bahrain','2014-09-25 15:00:38'),(19,'Baker Island','2014-09-25 15:00:38'),(20,'Bangladesh','2014-09-25 15:00:38'),(21,'Barbados','2014-09-25 15:00:38'),(22,'Bassas da India','2014-09-25 15:00:38'),(23,'Belarus','2014-09-25 15:00:38'),(24,'Belgium','2014-09-25 15:00:38'),(25,'Belize','2014-09-25 15:00:38'),(26,'Benin','2014-09-25 15:00:38'),(27,'Bermuda','2014-09-25 15:00:38'),(28,'Bhutan','2014-09-25 15:00:38'),(29,'Bolivia','2014-09-25 15:00:38'),(30,'Bosnia and Herzegovina','2014-09-25 15:00:38'),(31,'Botswana','2014-09-25 15:00:38'),(32,'Bouvet Island','2014-09-25 15:00:38'),(33,'Brazil','2014-09-25 15:00:38'),(34,'British Indian Ocean Territory','2014-09-25 15:00:38'),(35,'British Virgin Islands','2014-09-25 15:00:38'),(36,'Brunei Darussalam','2014-09-25 15:00:38'),(37,'Bulgaria','2014-09-25 15:00:38'),(38,'Burkina Faso','2014-09-25 15:00:38'),(39,'Burma','2014-09-25 15:00:38'),(40,'Burundi','2014-09-25 15:00:38'),(41,'Cambodia','2014-09-25 15:00:39'),(42,'Cameroon','2014-09-25 15:00:39'),(43,'Canada','2014-09-25 15:00:39'),(44,'Cape Verde','2014-09-25 15:00:39'),(45,'Cayman Islands','2014-09-25 15:00:39'),(46,'Central African Republic','2014-09-25 15:00:39'),(47,'Chad','2014-09-25 15:00:39'),(48,'Chile','2014-09-25 15:00:39'),(49,'China','2014-09-25 15:00:39'),(50,'Christmas Island','2014-09-25 15:00:39'),(51,'Clipperton Island','2014-09-25 15:00:39'),(52,'Cocos (Keeling) Islands','2014-09-25 15:00:39'),(53,'Colombia','2014-09-25 15:00:39'),(54,'Comoros','2014-09-25 15:00:39'),(55,'Congo, Democratic Republic of the','2014-09-25 15:00:39'),(56,'Congo, Republic of the','2014-09-25 15:00:39'),(57,'Cook Islands','2014-09-25 15:00:39'),(58,'Coral Sea Islands','2014-09-25 15:00:39'),(59,'Costa Rica','2014-09-25 15:00:39'),(60,'Cote d Ivoire','2014-09-25 15:00:39'),(61,'Croatia','2014-09-25 15:00:39'),(62,'Cuba','2014-09-25 15:00:39'),(63,'Cyprus','2014-09-25 15:00:39'),(64,'Czech Republic','2014-09-25 15:00:39'),(65,'Denmark','2014-09-25 15:00:39'),(66,'Djibouti','2014-09-25 15:00:39'),(67,'Dominica','2014-09-25 15:00:39'),(68,'Dominican Republic','2014-09-25 15:00:39'),(69,'East Timor','2014-09-25 15:00:39'),(70,'Ecuador','2014-09-25 15:00:39'),(71,'Egypt','2014-09-25 15:00:40'),(72,'El Salvador','2014-09-25 15:00:40'),(73,'Equatorial Guinea','2014-09-25 15:00:40'),(74,'Eritrea','2014-09-25 15:00:40'),(75,'Estonia','2014-09-25 15:00:40'),(76,'Ethiopia','2014-09-25 15:00:40'),(77,'Europa Island','2014-09-25 15:00:40'),(78,'Falkland Islands (Islas Malvinas)','2014-09-25 15:00:40'),(79,'Faroe Islands','2014-09-25 15:00:40'),(80,'Fiji','2014-09-25 15:00:40'),(81,'Finland','2014-09-25 15:00:40'),(82,'France','2014-09-25 15:00:40'),(83,'France, Metropolitan','2014-09-25 15:00:40'),(84,'French Guiana','2014-09-25 15:00:40'),(85,'French Polynesia','2014-09-25 15:00:40'),(86,'French Southern and Antarctic Lands','2014-09-25 15:00:40'),(87,'Gabon','2014-09-25 15:00:40'),(88,'The Gambia','2014-09-25 15:00:44'),(89,'Gaza Strip','2014-09-25 15:00:40'),(90,'Georgia','2014-09-25 15:00:40'),(91,'Germany','2014-09-25 15:00:40'),(92,'Ghana','2014-09-25 15:00:40'),(93,'Gibraltar','2014-09-25 15:00:40'),(94,'Glorioso Islands','2014-09-25 15:00:40'),(95,'Greece','2014-09-25 15:00:40'),(96,'Greenland','2014-09-25 15:00:40'),(97,'Grenada','2014-09-25 15:00:40'),(98,'Guadeloupe','2014-09-25 15:00:40'),(99,'Guam','2014-09-25 15:00:40'),(100,'Guatemala','2014-09-25 15:00:40'),(101,'Guernsey','2014-09-25 15:00:40'),(102,'Guinea','2014-09-25 15:00:40'),(103,'Guinea-Bissau','2014-09-25 15:00:40'),(104,'Guyana','2014-09-25 15:00:40'),(105,'Haiti','2014-09-25 15:00:40'),(106,'Heard Island and McDonald Islands','2014-09-25 15:00:40'),(107,'Holy See (Vatican City)','2014-09-25 15:00:40'),(108,'Honduras','2014-09-25 15:00:41'),(109,'Hong Kong (SAR)','2014-09-25 15:00:41'),(110,'Howland Island','2014-09-25 15:00:41'),(111,'Hungary','2014-09-25 15:00:41'),(112,'Iceland','2014-09-25 15:00:41'),(113,'India','2014-09-25 15:00:41'),(114,'Indonesia','2014-09-25 15:00:41'),(115,'Iran','2014-09-25 15:00:41'),(116,'Iraq','2014-09-25 15:00:41'),(117,'Ireland','2014-09-25 15:00:41'),(118,'Israel','2014-09-25 15:00:41'),(119,'Italy','2014-09-25 15:00:41'),(120,'Jamaica','2014-09-25 15:00:41'),(121,'Jan Mayen','2014-09-25 15:00:41'),(122,'Japan','2014-09-25 15:00:41'),(123,'Jarvis Island','2014-09-25 15:00:41'),(124,'Jersey','2014-09-25 15:00:41'),(125,'Johnston Atoll','2014-09-25 15:00:41'),(126,'Jordan','2014-09-25 15:00:41'),(127,'Juan de Nova Island','2014-09-25 15:00:41'),(128,'Kazakhstan','2014-09-25 15:00:41'),(129,'Kenya','2014-09-25 15:00:41'),(130,'Kingman Reef','2014-09-25 15:00:41'),(131,'Kiribati','2014-09-25 15:00:41'),(132,'Korea, North','2014-09-25 15:00:41'),(133,'Korea, South','2014-09-25 15:00:41'),(134,'Kuwait','2014-09-25 15:00:41'),(135,'Kyrgyzstan','2014-09-25 15:00:41'),(136,'Laos','2014-09-25 15:00:41'),(137,'Latvia','2014-09-25 15:00:41'),(138,'Lebanon','2014-09-25 15:00:41'),(139,'Lesotho','2014-09-25 15:00:41'),(140,'Liberia','2014-09-25 15:00:42'),(141,'Libya','2014-09-25 15:00:42'),(142,'Liechtenstein','2014-09-25 15:00:42'),(143,'Lithuania','2014-09-25 15:00:42'),(144,'Luxembourg','2014-09-25 15:00:42'),(145,'Macao','2014-09-25 15:00:42'),(146,'Macedonia, The Former Yugoslav Republic of','2014-09-25 15:00:42'),(147,'Madagascar','2014-09-25 15:00:42'),(148,'Malawi','2014-09-25 15:00:42'),(149,'Malaysia','2014-09-25 15:00:42'),(150,'Maldives','2014-09-25 15:00:42'),(151,'Mali','2014-09-25 15:00:42'),(152,'Malta','2014-09-25 15:00:42'),(153,'Man, Isle of','2014-09-25 15:00:42'),(154,'Marshall Islands','2014-09-25 15:00:42'),(155,'Martinique','2014-09-25 15:00:42'),(156,'Mauritania','2014-09-25 15:00:42'),(157,'Mauritius','2014-09-25 15:00:42'),(158,'Mayotte','2014-09-25 15:00:42'),(159,'Mexico','2014-09-25 15:00:42'),(160,'Micronesia, Federated States of','2014-09-25 15:00:42'),(161,'Midway Islands','2014-09-25 15:00:42'),(162,'Miscellaneous (French)','2014-09-25 15:00:42'),(163,'Moldova','2014-09-25 15:00:42'),(164,'Monaco','2014-09-25 15:00:42'),(165,'Mongolia','2014-09-25 15:00:42'),(166,'Montenegro','2014-09-25 15:00:42'),(167,'Montserrat','2014-09-25 15:00:42'),(168,'Morocco','2014-09-25 15:00:42'),(169,'Mozambique','2014-09-25 15:00:42'),(170,'Myanmar','2014-09-25 15:00:42'),(171,'Namibia','2014-09-25 15:00:42'),(172,'Nauru','2014-09-25 15:00:42'),(173,'Navassa Island','2014-09-25 15:00:42'),(174,'Nepal','2014-09-25 15:00:42'),(175,'Netherlands','2014-09-25 15:00:42'),(176,'Netherlands Antilles','2014-09-25 15:00:42'),(177,'New Caledonia','2014-09-25 15:00:42'),(178,'New Zealand','2014-09-25 15:00:42'),(179,'Nicaragua','2014-09-25 15:00:43'),(180,'Niger','2014-09-25 15:00:43'),(181,'Nigeria','2014-09-25 15:00:43'),(182,'Niue','2014-09-25 15:00:43'),(183,'Norfolk Island','2014-09-25 15:00:43'),(184,'Northern Mariana Islands','2014-09-25 15:00:43'),(185,'Norway','2014-09-25 15:00:43'),(186,'Oman','2014-09-25 15:00:43'),(187,'Pakistan','2014-09-25 15:00:43'),(188,'Palau','2014-09-25 15:00:43'),(189,'Palmyra Atoll','2014-09-25 15:00:43'),(190,'Panama','2014-09-25 15:00:43'),(191,'Papua New Guinea','2014-09-25 15:00:43'),(192,'Paracel Islands','2014-09-25 15:00:43'),(193,'Paraguay','2014-09-25 15:00:43'),(194,'Peru','2014-09-25 15:00:43'),(195,'Philippines','2014-09-25 15:00:43'),(196,'Pitcairn Islands','2014-09-25 15:00:43'),(197,'Poland','2014-09-25 15:00:43'),(198,'Portugal','2014-09-25 15:00:43'),(199,'Puerto Rico','2014-09-25 15:00:43'),(200,'Qatar','2014-09-25 15:00:43'),(201,'RÚunion','2014-09-25 15:00:43'),(202,'Romania','2014-09-25 15:00:43'),(203,'Russia','2014-09-25 15:00:43'),(204,'Rwanda','2014-09-25 15:00:43'),(205,'Saint Helena','2014-09-25 15:00:43'),(206,'Saint Kitts and Nevis','2014-09-25 15:00:43'),(207,'Saint Lucia','2014-09-25 15:00:43'),(208,'Saint Pierre and Miquelon','2014-09-25 15:00:43'),(209,'Saint Vincent and the Grenadines','2014-09-25 15:00:43'),(210,'Samoa','2014-09-25 15:00:43'),(211,'San Marino','2014-09-25 15:00:43'),(212,'SÒo TomÚ and PrÝncipe','2014-09-25 15:00:44'),(213,'Saudi Arabia','2014-09-25 15:00:44'),(214,'Senegal','2014-09-25 15:00:44'),(215,'Serbia','2014-09-25 15:00:44'),(216,'Serbia and Montenegro','2014-09-25 15:00:44'),(217,'Seychelles','2014-09-25 15:00:44'),(218,'Sierra Leone','2014-09-25 15:00:44'),(219,'Singapore','2014-09-25 15:00:44'),(220,'Slovakia','2014-09-25 15:00:44'),(221,'Slovenia','2014-09-25 15:00:44'),(222,'Solomon Islands','2014-09-25 15:00:44'),(223,'Somalia','2014-09-25 15:00:44'),(224,'South Africa','2014-09-25 15:00:44'),(225,'South Georgia and the South Sandwich Islands','2014-09-25 15:00:44'),(226,'Spain','2014-09-25 15:00:44'),(227,'Spratly Islands','2014-09-25 15:00:44'),(228,'Sri Lanka','2014-09-25 15:00:44'),(229,'Sudan','2014-09-25 15:00:44'),(230,'Suriname','2014-09-25 15:00:44'),(231,'Svalbard','2014-09-25 15:00:44'),(232,'Swaziland','2014-09-25 15:00:44'),(233,'Sweden','2014-09-25 15:00:44'),(234,'Switzerland','2014-09-25 15:00:44'),(235,'Syria','2014-09-25 15:00:44'),(236,'Taiwan','2014-09-25 15:00:44'),(237,'Tajikistan','2014-09-25 15:00:44'),(238,'Tanzania','2014-09-25 15:00:44'),(239,'Thailand','2014-09-25 15:00:44'),(240,'Togo','2014-09-25 15:00:44'),(241,'Tokelau','2014-09-25 15:00:44'),(242,'Tonga','2014-09-25 15:00:44'),(243,'Trinidad and Tobago','2014-09-25 15:00:44'),(244,'Tromelin Island','2014-09-25 15:00:44'),(245,'Tunisia','2014-09-25 15:00:45'),(246,'Turkey','2014-09-25 15:00:45'),(247,'Turkmenistan','2014-09-25 15:00:45'),(248,'Turks and Caicos Islands','2014-09-25 15:00:45'),(249,'Tuvalu','2014-09-25 15:00:45'),(250,'Uganda','2014-09-25 15:00:45'),(251,'Ukraine','2014-09-25 15:00:45'),(252,'United Arab Emirates','2014-09-25 15:00:45'),(253,'United Kingdom','2014-09-25 15:00:45'),(254,'United States','2014-09-25 15:00:45'),(255,'United States Minor Outlying Islands','2014-09-25 15:00:45'),(256,'Uruguay','2014-09-25 15:00:45'),(257,'Uzbekistan','2014-09-25 15:00:45'),(258,'Vanuatu','2014-09-25 15:00:45'),(259,'Venezuela','2014-09-25 15:00:45'),(260,'Vietnam','2014-09-25 15:00:45'),(261,'Virgin Islands','2014-09-25 15:00:45'),(262,'Virgin Islands (UK)','2014-09-25 15:00:45'),(263,'Virgin Islands (US)','2014-09-25 15:00:45'),(264,'Wake Island','2014-09-25 15:00:45'),(265,'Wallis and Futuna','2014-09-25 15:00:45'),(266,'West Bank','2014-09-25 15:00:45'),(267,'Western Sahara','2014-09-25 15:00:45'),(268,'Western Samoa','2014-09-25 15:00:45'),(269,'World','2014-09-25 15:00:45'),(270,'Yemen','2014-09-25 15:00:45'),(271,'Yugoslavia','2014-09-25 15:00:45'),(272,'Zaire','2014-09-25 15:00:45'),(273,'Zambia','2014-09-25 15:00:45'),(274,'Zimbabwe','2014-09-25 15:00:45'),(275,'Palestinian Territory, Occupied','2014-09-25 15:00:43');
/*!40000 ALTER TABLE `np_pais` ENABLE KEYS */;
UNLOCK TABLES;

--
-- Table structure for table `np_plan`
--

DROP TABLE IF EXISTS `np_plan`;
/*!40101 SET @saved_cs_client     = @@character_set_client */;
/*!40101 SET character_set_client = utf8 */;
CREATE TABLE `np_plan` (
  `idPlan` int(11) NOT NULL,
  `nombre` varchar(45) DEFAULT NULL,
  `fec_actu` varchar(45) DEFAULT 'CURRENT_TIMESTAMP',
  `monto` varchar(45) DEFAULT NULL,
  PRIMARY KEY (`idPlan`)
) ENGINE=InnoDB DEFAULT CHARSET=utf8;
/*!40101 SET character_set_client = @saved_cs_client */;

--
-- Dumping data for table `np_plan`
--

LOCK TABLES `np_plan` WRITE;
/*!40000 ALTER TABLE `np_plan` DISABLE KEYS */;
INSERT INTO `np_plan` VALUES (1,'FREE',NULL,'0'),(2,'BIOGRAFIA PREMIUM',NULL,'35000'),(3,'Biografía Premium. Oferta de Lanzamiento',NULL,'25000');
/*!40000 ALTER TABLE `np_plan` ENABLE KEYS */;
UNLOCK TABLES;

--
-- Table structure for table `np_region`
--

DROP TABLE IF EXISTS `np_region`;
/*!40101 SET @saved_cs_client     = @@character_set_client */;
/*!40101 SET character_set_client = utf8 */;
CREATE TABLE `np_region` (
  `id` int(11) NOT NULL,
  `nombre` varchar(45) NOT NULL,
  `fec_actu` datetime DEFAULT CURRENT_TIMESTAMP,
  `idPais` int(11) NOT NULL,
  PRIMARY KEY (`id`),
  KEY `fk_NP_REGION_NP_PAIS1_idx` (`idPais`),
  CONSTRAINT `fk_NP_REGION_NP_PAIS1` FOREIGN KEY (`idPais`) REFERENCES `np_pais` (`id`) ON DELETE NO ACTION ON UPDATE NO ACTION
) ENGINE=InnoDB DEFAULT CHARSET=utf8;
/*!40101 SET character_set_client = @saved_cs_client */;

--
-- Dumping data for table `np_region`
--

LOCK TABLES `np_region` WRITE;
/*!40000 ALTER TABLE `np_region` DISABLE KEYS */;
INSERT INTO `np_region` VALUES (1,'Victoria','2014-09-04 09:09:16',14),(2,'Tasmania','2014-09-25 15:30:33',14),(3,'Queensland','2014-09-25 15:30:33',14),(4,'New South Wales','2014-09-25 15:30:33',14),(5,'South Australia','2014-09-25 15:30:33',14),(6,'Western Australia','2014-09-25 15:30:33',14),(7,'Northern Territory','2014-09-25 15:30:33',14),(8,'Acre','2014-09-25 15:30:33',33),(10,'Amapá','2014-09-25 15:30:33',33),(11,'Bahia','2014-09-25 15:30:33',33),(12,'Goiás','2014-09-25 15:30:33',33),(13,'Piauí','2014-09-25 15:30:33',33),(14,'Ceará','2014-09-25 15:30:33',33),(15,'Paraná','2014-09-25 15:30:33',33),(16,'Alagoas','2014-09-25 15:30:34',33),(17,'Paraíba','2014-09-25 15:30:34',33),(18,'Roraima','2014-09-25 15:30:34',33),(19,'Sergipe','2014-09-25 15:30:34',33),(20,'Amazonas','2014-09-25 15:30:34',33),(21,'Maranhão','2014-09-25 15:30:34',33),(22,'Rondônia','2014-09-25 15:30:34',33),(24,'São Paulo','2014-09-25 15:30:34',33),(25,'Tocantins','2014-09-25 15:30:34',33),(26,'Mato Grosso','2014-09-25 15:30:34',33),(27,'Minas Gerais','2014-09-25 15:30:34',33),(28,'Espírito Santo','2014-09-25 15:30:34',33),(29,'Rio de Janeiro','2014-09-25 15:30:34',33),(30,'Santa Catarina','2014-09-25 15:30:34',33),(32,'Rio Grande do Sul','2014-09-25 15:30:34',33),(33,'Mato Grosso do Sul','2014-09-25 15:30:34',33),(34,'Rio Grande do Norte','2014-09-25 15:30:34',33),(35,'Quebec','2014-09-25 15:30:34',43),(36,'Alberta','2014-09-25 15:30:34',43),(37,'Ontario','2014-09-25 15:30:34',43),(38,'Manitoba','2014-09-25 15:30:34',43),(39,'Nova Scotia','2014-09-25 15:30:34',43),(40,'Saskatchewan','2014-09-25 15:30:34',43),(41,'Newfoundland and Labrador','2014-09-25 15:30:34',43),(42,'New Brunswick','2014-09-25 15:30:34',43),(43,'British Columbia','2014-09-25 15:30:34',43),(45,'Prince Edward Island','2014-09-25 15:30:34',43),(46,'Northwest Territories','2014-09-25 15:30:34',43),(49,'Bali','2014-09-25 15:30:34',114),(56,'Sonora','2014-09-25 15:30:34',159),(59,'Jalisco','2014-09-25 15:30:34',159),(60,'Hidalgo','2014-09-25 15:30:34',159),(61,'Morelos','2014-09-25 15:30:34',159),(62,'Chiapas','2014-09-25 15:30:34',159),(63,'Tabasco','2014-09-25 15:30:34',159),(66,'Guerrero','2014-09-25 15:30:34',159),(69,'Nuevo Leon','2014-09-25 15:30:34',159),(70,'Tamaulipas','2014-09-25 15:30:34',159),(71,'Guanajuato','2014-09-25 15:30:34',159),(72,'Quintana Roo','2014-09-25 15:30:34',159),(73,'Baja California','2014-09-25 15:30:34',159),(74,'Baja California Sur','2014-09-25 15:30:34',159),(75,'Tov','2014-09-25 15:30:34',165),(76,'Uvs','2014-09-25 15:30:34',165),(80,'Dornod','2014-09-25 15:30:35',165),(81,'Hovsgol','2014-09-25 15:30:35',165),(82,'Selenge','2014-09-25 15:30:35',165),(86,'Suhbaatar','2014-09-25 15:30:35',165),(91,'Komi','2014-09-25 15:30:35',203),(105,'Dagestan','2014-09-25 15:30:35',203),(106,'Mariy-El','2014-09-25 15:30:35',203),(110,'Tatarstan','2014-09-25 15:30:35',203),(122,'Alabama','2014-09-25 15:30:35',254),(123,'Alaska','2014-09-25 15:30:35',254),(124,'Arizona','2014-09-25 15:30:35',254),(125,'Arkansas','2014-09-25 15:30:35',254),(126,'California','2014-09-25 15:30:35',254),(127,'Colorado','2014-09-25 15:30:35',254),(128,'Connecticut','2014-09-25 15:30:35',254),(129,'Delaware','2014-09-25 15:30:35',254),(130,'District of Columbia','2014-09-25 15:30:35',254),(131,'Florida','2014-09-25 15:30:35',254),(132,'Georgia','2014-09-25 15:30:35',254),(133,'Hawaii','2014-09-25 15:30:35',254),(134,'Idaho','2014-09-25 15:30:35',254),(135,'Illinois','2014-09-25 15:30:35',254),(136,'Indiana','2014-09-25 15:30:35',254),(137,'Iowa','2014-09-25 15:30:35',254),(138,'Kansas','2014-09-25 15:30:35',254),(139,'Kentucky','2014-09-25 15:30:35',254),(140,'Louisiana','2014-09-25 15:30:35',254),(141,'Maine','2014-09-25 15:30:35',254),(142,'Maryland','2014-09-25 15:30:35',254),(143,'Massachusetts','2014-09-25 15:30:35',254),(144,'Michigan','2014-09-25 15:30:35',254),(145,'Minnesota','2014-09-25 15:30:35',254),(146,'Mississippi','2014-09-25 15:30:35',254),(147,'Missouri','2014-09-25 15:30:35',254),(148,'Montana','2014-09-25 15:30:35',254),(149,'Nebraska','2014-09-25 15:30:35',254),(150,'Nevada','2014-09-25 15:30:35',254),(151,'New Hampshire','2014-09-25 15:30:35',254),(152,'New Jersey','2014-09-25 15:30:35',254),(153,'New Mexico','2014-09-25 15:30:35',254),(154,'New York','2014-09-25 15:30:35',254),(155,'North Carolina','2014-09-25 15:30:36',254),(156,'North Dakota','2014-09-25 15:30:36',254),(157,'Ohio','2014-09-25 15:30:36',254),(158,'Oklahoma','2014-09-25 15:30:36',254),(159,'Oregon','2014-09-25 15:30:36',254),(160,'Pennsylvania','2014-09-25 15:30:36',254),(161,'Rhode Island','2014-09-25 15:30:36',254),(162,'South Carolina','2014-09-25 15:30:36',254),(163,'South Dakota','2014-09-25 15:30:36',254),(164,'Tennessee','2014-09-25 15:30:36',254),(165,'Texas','2014-09-25 15:30:36',254),(166,'Utah','2014-09-25 15:30:36',254),(167,'Virginia','2014-09-25 15:30:36',254),(168,'Washington','2014-09-25 15:30:36',254),(169,'West Virginia','2014-09-25 15:30:36',254),(170,'Wisconsin','2014-09-25 15:30:36',254),(171,'Wyoming','2014-09-25 15:30:36',254),(172,'Vermont','2014-09-25 15:30:36',254),(174,'Australian Capital Territory','2014-09-25 15:30:36',14),(189,'Papua','2014-09-25 15:30:36',114),(193,'Bulgan','2014-09-25 15:30:36',165),(194,'Hovd','2014-09-25 15:30:36',165),(196,'Chihuahua','2014-09-25 15:30:36',159),(197,'Colima','2014-09-25 15:30:36',159),(198,'Durango','2014-09-25 15:30:36',159),(201,'Oaxaca','2014-09-25 15:30:36',159),(203,'San Luis Potosi','2014-09-25 15:30:36',159),(204,'Tlaxcala','2014-09-25 15:30:36',159),(206,'Zacatecas','2014-09-25 15:30:36',159),(268,'World','2014-09-25 15:30:36',269),(539,'Albania','2014-09-25 15:30:36',2),(540,'Algeria','2014-09-25 15:30:36',3),(541,'American Samoa','2014-09-25 15:30:36',4),(542,'Andorra','2014-09-25 15:30:36',5),(543,'Angola','2014-09-25 15:30:36',6),(544,'Anguilla','2014-09-25 15:30:36',7),(545,'Antarctica','2014-09-25 15:30:36',8),(546,'Antigua and Barbuda','2014-09-25 15:30:36',9),(547,'Argentina','2014-09-25 15:30:36',10),(548,'Armenia','2014-09-25 15:30:36',11),(549,'Aruba','2014-09-25 15:30:36',12),(550,'Ashmore and Cartier','2014-09-25 15:30:36',13),(551,'Australia','2014-09-25 15:30:36',14),(552,'Austria','2014-09-25 15:30:37',15),(553,'Azerbaijan','2014-09-25 15:30:37',16),(554,'The Bahamas','2014-09-25 15:30:37',17),(555,'Bahrain','2014-09-25 15:30:37',18),(556,'Baker Island','2014-09-25 15:30:37',19),(557,'Bangladesh','2014-09-25 15:30:37',20),(558,'Barbados','2014-09-25 15:30:37',21),(559,'Bassas da India','2014-09-25 15:30:37',22),(560,'Belarus','2014-09-25 15:30:37',23),(561,'Belgium','2014-09-25 15:30:37',24),(563,'Benin','2014-09-25 15:30:37',26),(564,'Bermuda','2014-09-25 15:30:37',27),(565,'Bhutan','2014-09-25 15:30:37',28),(566,'Bolivia','2014-09-25 15:30:37',29),(567,'Bosnia and Herzegovina','2014-09-25 15:30:37',30),(568,'Botswana','2014-09-25 15:30:37',31),(569,'Bouvet Island','2014-09-25 15:30:37',32),(570,'Brazil','2014-09-25 15:30:37',33),(571,'British Indian Ocean Territory','2014-09-25 15:30:37',34),(572,'British Virgin Islands','2014-09-25 15:30:37',35),(573,'Brunei Darussalam','2014-09-25 15:30:37',36),(574,'Bulgaria','2014-09-25 15:30:37',37),(575,'Burkina Faso','2014-09-25 15:30:37',38),(576,'Burma','2014-09-25 15:30:37',39),(577,'Burundi','2014-09-25 15:30:37',40),(578,'Cambodia','2014-09-25 15:30:37',41),(579,'Cameroon','2014-09-25 15:30:37',42),(580,'Canada','2014-09-25 15:30:37',43),(581,'Cape Verde','2014-09-25 15:30:37',44),(582,'Cayman Islands','2014-09-25 15:30:38',45),(583,'Central African Republic','2014-09-25 15:30:38',46),(584,'Chad','2014-09-25 15:30:38',47),(585,'Arica y Parinacota','2014-09-25 15:30:38',48),(586,'China','2014-09-25 15:30:38',49),(587,'Christmas Island','2014-09-25 15:30:38',50),(588,'Clipperton Island','2014-09-25 15:30:38',51),(589,'Cocos (Keeling) Islands','2014-09-25 15:30:38',52),(590,'Colombia','2014-09-25 15:30:38',53),(591,'Comoros','2014-09-25 15:30:38',54),(592,'Democratic Republic of the Congo','2014-09-25 15:30:38',55),(593,'Republic of the Congo','2014-09-25 15:30:38',56),(594,'Cook Islands','2014-09-25 15:30:38',57),(595,'Coral Sea Islands','2014-09-25 15:30:38',58),(596,'Costa Rica','2014-09-25 15:30:38',59),(597,'Cote d\'Ivoire','2014-09-25 15:30:38',60),(598,'Croatia','2014-09-25 15:30:38',61),(599,'Cuba','2014-09-25 15:30:38',62),(600,'Cyprus','2014-09-25 15:30:38',63),(601,'Czech Republic','2014-09-25 15:30:38',64),(602,'Denmark','2014-09-25 15:30:38',65),(604,'Dominica','2014-09-25 15:30:38',67),(605,'Dominican Republic','2014-09-25 15:30:38',68),(606,'East Timor','2014-09-25 15:30:38',69),(607,'Ecuador','2014-09-25 15:30:38',70),(608,'Egypt','2014-09-25 15:30:38',71),(609,'El Salvador','2014-09-25 15:30:38',72),(610,'Equatorial Guinea','2014-09-25 15:30:38',73),(611,'Eritrea','2014-09-25 15:30:38',74),(612,'Estonia','2014-09-25 15:30:38',75),(613,'Ethiopia','2014-09-25 15:30:38',76),(614,'Europa Island','2014-09-25 15:30:38',77),(615,'Falkland Islands (Islas Malvinas)','2014-09-25 15:30:38',78),(616,'Faroe Islands','2014-09-25 15:30:38',79),(617,'Fiji','2014-09-25 15:30:38',80),(618,'Finland','2014-09-25 15:30:38',81),(619,'France','2014-09-25 15:30:38',82),(620,'Metropolitan France','2014-09-25 15:30:38',83),(621,'French Guiana','2014-09-25 15:30:38',84),(622,'French Polynesia','2014-09-25 15:30:38',85),(623,'French Southern and Antarctic Lands','2014-09-25 15:30:39',86),(624,'Gabon','2014-09-25 15:30:39',87),(625,'The Gambia','2014-09-25 15:30:39',88),(626,'Gaza Strip','2014-09-25 15:30:39',89),(627,'Georgia','2014-09-25 15:30:39',90),(628,'Germany','2014-09-25 15:30:39',91),(629,'Ghana','2014-09-25 15:30:39',92),(630,'Gibraltar','2014-09-25 15:30:39',93),(631,'Glorioso Islands','2014-09-25 15:30:39',94),(632,'Greece','2014-09-25 15:30:39',95),(633,'Greenland','2014-09-25 15:30:39',96),(634,'Grenada','2014-09-25 15:30:39',97),(635,'Guadeloupe','2014-09-25 15:30:39',98),(636,'Guam','2014-09-25 15:30:39',99),(638,'Guernsey','2014-09-25 15:30:39',101),(639,'Guinea','2014-09-25 15:30:39',102),(640,'Guinea-Bissau','2014-09-25 15:30:39',103),(641,'Guyana','2014-09-25 15:30:39',104),(642,'Haiti','2014-09-25 15:30:39',105),(643,'Heard Island and McDonald Islands','2014-09-25 15:30:39',106),(644,'Holy See (Vatican City)','2014-09-25 15:30:39',107),(645,'Honduras','2014-09-25 15:30:39',108),(646,'Hong Kong (SAR)','2014-09-25 15:30:39',109),(647,'Howland Island','2014-09-25 15:30:39',110),(648,'Hungary','2014-09-25 15:30:39',111),(649,'Iceland','2014-09-25 15:30:39',112),(650,'India','2014-09-25 15:30:39',113),(651,'Indonesia','2014-09-25 15:30:39',114),(652,'Iran','2014-09-25 15:30:39',115),(653,'Iraq','2014-09-25 15:30:39',116),(654,'Ireland','2014-09-25 15:30:39',117),(655,'Israel','2014-09-25 15:30:39',118),(656,'Italy','2014-09-25 15:30:39',119),(657,'Jamaica','2014-09-25 15:30:39',120),(658,'Jan Mayen','2014-09-25 15:30:39',121),(659,'Japan','2014-09-25 15:30:39',122),(660,'Jarvis Island','2014-09-25 15:30:39',123),(661,'Jersey','2014-09-25 15:30:39',124),(662,'Johnston Atoll','2014-09-25 15:30:39',125),(663,'Jordan','2014-09-25 15:30:39',126),(664,'Juan de Nova Island','2014-09-25 15:30:39',127),(665,'Kazakhstan','2014-09-25 15:30:40',128),(666,'Kenya','2014-09-25 15:30:40',129),(667,'Kingman Reef','2014-09-25 15:30:40',130),(668,'Kiribati','2014-09-25 15:30:40',131),(669,'North Korea','2014-09-25 15:30:40',132),(670,'South Korea','2014-09-25 15:30:40',133),(671,'Kuwait','2014-09-25 15:30:40',134),(672,'Kyrgyzstan','2014-09-25 15:30:40',135),(673,'Laos','2014-09-25 15:30:40',136),(674,'Latvia','2014-09-25 15:30:40',137),(675,'Lebanon','2014-09-25 15:30:40',138),(676,'Lesotho','2014-09-25 15:30:40',139),(677,'Liberia','2014-09-25 15:30:40',140),(678,'Libya','2014-09-25 15:30:40',141),(679,'Liechtenstein','2014-09-25 15:30:40',142),(680,'Lithuania','2014-09-25 15:30:40',143),(682,'Macao','2014-09-25 15:30:40',145),(683,'The Former Yugoslav Republic of Macedonia','2014-09-25 15:30:40',146),(684,'Madagascar','2014-09-25 15:30:40',147),(685,'Malawi','2014-09-25 15:30:40',148),(686,'Malaysia','2014-09-25 15:30:40',149),(687,'Maldives','2014-09-25 15:30:40',150),(688,'Mali','2014-09-25 15:30:40',151),(689,'Malta','2014-09-25 15:30:40',152),(690,'Isle of Man','2014-09-25 15:30:40',153),(691,'Marshall Islands','2014-09-25 15:30:40',154),(692,'Martinique','2014-09-25 15:30:40',155),(693,'Mauritania','2014-09-25 15:30:40',156),(694,'Mauritius','2014-09-25 15:30:40',157),(695,'Mayotte','2014-09-25 15:30:40',158),(697,'Federated States of Micronesia','2014-09-25 15:30:40',160),(698,'Midway Islands','2014-09-25 15:30:40',161),(699,'Miscellaneous (French)','2014-09-25 15:30:40',162),(700,'Moldova','2014-09-25 15:30:40',163),(701,'Monaco','2014-09-25 15:30:40',164),(702,'Mongolia','2014-09-25 15:30:40',165),(703,'Montenegro','2014-09-25 15:30:40',166),(704,'Montserrat','2014-09-25 15:30:40',167),(705,'Morocco','2014-09-25 15:30:41',168),(706,'Mozambique','2014-09-25 15:30:41',169),(707,'Myanmar','2014-09-25 15:30:41',170),(708,'Namibia','2014-09-25 15:30:41',171),(709,'Nauru','2014-09-25 15:30:41',172),(710,'Navassa Island','2014-09-25 15:30:41',173),(711,'Nepal','2014-09-25 15:30:41',174),(712,'The Netherlands','2014-09-25 15:30:41',175),(713,'Netherlands Antilles','2014-09-25 15:30:41',176),(714,'New Caledonia','2014-09-25 15:30:41',177),(715,'New Zealand','2014-09-25 15:30:41',178),(716,'Nicaragua','2014-09-25 15:30:41',179),(717,'Niger','2014-09-25 15:30:41',180),(718,'Nigeria','2014-09-25 15:30:41',181),(719,'Niue','2014-09-25 15:30:41',182),(720,'Norfolk Island','2014-09-25 15:30:41',183),(721,'Northern Mariana Islands','2014-09-25 15:30:41',184),(722,'Norway','2014-09-25 15:30:41',185),(723,'Oman','2014-09-25 15:30:41',186),(724,'Pakistan','2014-09-25 15:30:41',187),(725,'Palau','2014-09-25 15:30:41',188),(726,'Palmyra Atoll','2014-09-25 15:30:41',189),(728,'Papua New Guinea','2014-09-25 15:30:41',191),(729,'Paracel Islands','2014-09-25 15:30:41',192),(730,'Paraguay','2014-09-25 15:30:41',193),(731,'Peru','2014-09-25 15:30:41',194),(732,'Philippines','2014-09-25 15:30:41',195),(733,'Pitcairn Islands','2014-09-25 15:30:41',196),(734,'Poland','2014-09-25 15:30:41',197),(735,'Portugal','2014-09-25 15:30:41',198),(736,'Puerto Rico','2014-09-25 15:30:41',199),(737,'Qatar','2014-09-25 15:30:41',200),(738,'Réunion','2014-09-25 15:30:41',201),(739,'Romania','2014-09-25 15:30:41',202),(740,'Russia','2014-09-25 15:30:41',203),(741,'Rwanda','2014-09-25 15:30:42',204),(743,'Saint Kitts and Nevis','2014-09-25 15:30:42',206),(744,'Saint Lucia','2014-09-25 15:30:42',207),(745,'Saint Pierre and Miquelon','2014-09-25 15:30:42',208),(746,'Saint Vincent and the Grenadines','2014-09-25 15:30:42',209),(747,'Samoa','2014-09-25 15:30:42',210),(750,'Saudi Arabia','2014-09-25 15:30:42',213),(751,'Senegal','2014-09-25 15:30:42',214),(752,'Serbia','2014-09-25 15:30:42',215),(753,'Serbia and Montenegro','2014-09-25 15:30:42',216),(754,'Seychelles','2014-09-25 15:30:42',217),(755,'Sierra Leone','2014-09-25 15:30:42',218),(756,'Singapore','2014-09-25 15:30:42',219),(757,'Slovakia','2014-09-25 15:30:42',220),(758,'Slovenia','2014-09-25 15:30:42',221),(759,'Solomon Islands','2014-09-25 15:30:42',222),(760,'Somalia','2014-09-25 15:30:42',223),(761,'South Africa','2014-09-25 15:30:42',224),(762,'South Georgia and the South Sandwich Islands','2014-09-25 15:30:42',225),(763,'Spain','2014-09-25 15:30:42',226),(764,'Spratly Islands','2014-09-25 15:30:42',227),(765,'Sri Lanka','2014-09-25 15:30:42',228),(766,'Sudan','2014-09-25 15:30:42',229),(767,'Suriname','2014-09-25 15:30:42',230),(768,'Svalbard','2014-09-25 15:30:42',231),(769,'Swaziland','2014-09-25 15:30:42',232),(770,'Sweden','2014-09-25 15:30:42',233),(771,'Switzerland','2014-09-25 15:30:42',234),(772,'Syria','2014-09-25 15:30:42',235),(773,'Taiwan','2014-09-25 15:30:42',236),(774,'Tajikistan','2014-09-25 15:30:42',237),(775,'Tanzania','2014-09-25 15:30:42',238),(776,'Thailand','2014-09-25 15:30:42',239),(777,'Togo','2014-09-25 15:30:42',240),(778,'Tokelau','2014-09-25 15:30:42',241),(779,'Tonga','2014-09-25 15:30:42',242),(780,'Trinidad and Tobago','2014-09-25 15:30:42',243),(781,'Tromelin Island','2014-09-25 15:30:42',244),(782,'Tunisia','2014-09-25 15:30:42',245),(783,'Turkey','2014-09-25 15:30:42',246),(784,'Turkmenistan','2014-09-25 15:30:42',247),(785,'Turks and Caicos Islands','2014-09-25 15:30:42',248),(786,'Tuvalu','2014-09-25 15:30:42',249),(787,'Uganda','2014-09-25 15:30:42',250),(788,'Ukraine','2014-09-25 15:30:42',251),(789,'United Arab Emirates','2014-09-25 15:30:43',252),(790,'United Kingdom','2014-09-25 15:30:43',253),(791,'United States','2014-09-25 15:30:43',254),(792,'United States Minor Outlying Islands','2014-09-25 15:30:43',255),(793,'Uruguay','2014-09-25 15:30:43',256),(794,'Uzbekistan','2014-09-25 15:30:43',257),(795,'Vanuatu','2014-09-25 15:30:43',258),(796,'Venezuela','2014-09-25 15:30:43',259),(797,'Vietnam','2014-09-25 15:30:43',260),(798,'Virgin Islands','2014-09-25 15:30:43',261),(799,'Virgin Islands (UK)','2014-09-25 15:30:43',262),(800,'Virgin Islands (US)','2014-09-25 15:30:43',263),(801,'Wake Island','2014-09-25 15:30:43',264),(802,'Wallis and Futuna','2014-09-25 15:30:43',265),(803,'West Bank','2014-09-25 15:30:43',266),(804,'Western Sahara','2014-09-25 15:30:43',267),(805,'Western Samoa','2014-09-25 15:30:43',268),(806,'Yemen','2014-09-25 15:30:43',270),(808,'Zaire','2014-09-25 15:30:43',272),(809,'Zambia','2014-09-25 15:30:43',273),(810,'Zimbabwe','2014-09-25 15:30:43',274),(815,'Yukon Territory','2014-09-25 15:30:43',43),(816,'Barbuda','2014-09-25 15:30:43',9),(817,'Saint George','2014-09-25 15:30:43',9),(818,'Saint John','2014-09-25 15:30:43',9),(819,'Saint Mary','2014-09-25 15:30:43',9),(820,'Saint Paul','2014-09-25 15:30:43',9),(821,'Saint Peter','2014-09-25 15:30:43',9),(822,'Saint Philip','2014-09-25 15:30:43',9),(823,'Badakhshan','2014-09-25 15:30:43',1),(824,'Badghis','2014-09-25 15:30:43',1),(825,'Baghlan','2014-09-25 15:30:43',1),(827,'Bamian','2014-09-25 15:30:43',1),(828,'Farah','2014-09-25 15:30:43',1),(829,'Faryab','2014-09-25 15:30:44',1),(830,'Ghazni','2014-09-25 15:30:44',1),(831,'Ghowr','2014-09-25 15:30:44',1),(832,'Helmand','2014-09-25 15:30:44',1),(833,'Herat','2014-09-25 15:30:44',1),(835,'Kabol','2014-09-25 15:30:44',1),(836,'Kapisa','2014-09-25 15:30:44',1),(837,'Konar','2014-09-25 15:30:44',1),(838,'Laghman','2014-09-25 15:30:44',1),(839,'Lowgar','2014-09-25 15:30:44',1),(840,'Nangarhar','2014-09-25 15:30:44',1),(841,'Nimruz','2014-09-25 15:30:44',1),(842,'Oruzgan','2014-09-25 15:30:44',1),(843,'Paktia','2014-09-25 15:30:44',1),(844,'Parvan','2014-09-25 15:30:44',1),(845,'Kandahar','2014-09-25 15:30:44',1),(846,'Kondoz','2014-09-25 15:30:44',1),(848,'Takhar','2014-09-25 15:30:44',1),(849,'Vardak','2014-09-25 15:30:44',1),(850,'Zabol','2014-09-25 15:30:44',1),(851,'Paktika','2014-09-25 15:30:44',1),(852,'Balkh','2014-09-25 15:30:44',1),(853,'Jowzjan','2014-09-25 15:30:44',1),(854,'Samangan','2014-09-25 15:30:44',1),(855,'Sare Pol','2014-09-25 15:30:44',1),(856,'Alger','2014-09-25 15:30:44',3),(857,'Batna','2014-09-25 15:30:44',3),(858,'Constantine','2014-09-25 15:30:44',3),(859,'Medea','2014-09-25 15:30:44',3),(860,'Mostaganem','2014-09-25 15:30:44',3),(861,'Oran','2014-09-25 15:30:44',3),(862,'Saida','2014-09-25 15:30:44',3),(863,'Setif','2014-09-25 15:30:44',3),(864,'Tiaret','2014-09-25 15:30:44',3),(865,'Tizi Ouzou','2014-09-25 15:30:44',3),(866,'Tlemcen','2014-09-25 15:30:44',3),(867,'Bejaia','2014-09-25 15:30:44',3),(868,'Biskra','2014-09-25 15:30:44',3),(869,'Blida','2014-09-25 15:30:44',3),(870,'Bouira','2014-09-25 15:30:44',3),(871,'Djelfa','2014-09-25 15:30:44',3),(872,'Guelma','2014-09-25 15:30:44',3),(873,'Jijel','2014-09-25 15:30:44',3),(874,'Laghouat','2014-09-25 15:30:45',3),(875,'Mascara','2014-09-25 15:30:45',3),(876,'M\'Sila','2014-09-25 15:30:45',3),(877,'Oum el Bouaghi','2014-09-25 15:30:45',3),(878,'Sidi Bel Abbes','2014-09-25 15:30:45',3),(879,'Skikda','2014-09-25 15:30:45',3),(880,'Tebessa','2014-09-25 15:30:45',3),(881,'Adrar','2014-09-25 15:30:45',3),(882,'Ain Defla','2014-09-25 15:30:45',3),(883,'Ain Temouchent','2014-09-25 15:30:45',3),(884,'Annaba','2014-09-25 15:30:45',3),(885,'Bechar','2014-09-25 15:30:45',3),(886,'Bordj Bou Arreridj','2014-09-25 15:30:45',3),(887,'Boumerdes','2014-09-25 15:30:45',3),(888,'Chlef','2014-09-25 15:30:45',3),(889,'El Bayadh','2014-09-25 15:30:45',3),(890,'El Oued','2014-09-25 15:30:45',3),(891,'El Tarf','2014-09-25 15:30:45',3),(892,'Ghardaia','2014-09-25 15:30:45',3),(893,'Illizi','2014-09-25 15:30:45',3),(894,'Khenchela','2014-09-25 15:30:45',3),(895,'Mila','2014-09-25 15:30:45',3),(896,'Naama','2014-09-25 15:30:45',3),(897,'Ouargla','2014-09-25 15:30:45',3),(898,'Relizane','2014-09-25 15:30:45',3),(899,'Souk Ahras','2014-09-25 15:30:45',3),(900,'Tamanghasset','2014-09-25 15:30:45',3),(901,'Tindouf','2014-09-25 15:30:45',3),(902,'Tipaza','2014-09-25 15:30:45',3),(903,'Tissemsilt','2014-09-25 15:30:45',3),(904,'Abseron','2014-09-25 15:30:45',16),(905,'Agcabadi','2014-09-25 15:30:46',16),(906,'Agdam','2014-09-25 15:30:46',16),(907,'Agdas','2014-09-25 15:30:46',16),(908,'Agstafa','2014-09-25 15:30:46',16),(909,'Agsu','2014-09-25 15:30:46',16),(910,'Ali Bayramli','2014-09-25 15:30:46',16),(911,'Astara','2014-09-25 15:30:46',16),(912,'Baki','2014-09-25 15:30:46',16),(913,'Balakan','2014-09-25 15:30:46',16),(914,'Barda','2014-09-25 15:30:46',16),(915,'Beylaqan','2014-09-25 15:30:46',16),(916,'Bilasuvar','2014-09-25 15:30:46',16),(917,'Cabrayil','2014-09-25 15:30:46',16),(918,'Calilabad','2014-09-25 15:30:46',16),(919,'Daskasan','2014-09-25 15:30:46',16),(920,'Davaci','2014-09-25 15:30:46',16),(921,'Fuzuli','2014-09-25 15:30:46',16),(922,'Gadabay','2014-09-25 15:30:46',16),(923,'Ganca','2014-09-25 15:30:46',16),(924,'Goranboy','2014-09-25 15:30:46',16),(925,'Goycay','2014-09-25 15:30:46',16),(926,'Haciqabul','2014-09-25 15:30:46',16),(927,'Imisli','2014-09-25 15:30:46',16),(928,'Ismayilli','2014-09-25 15:30:46',16),(929,'Kalbacar','2014-09-25 15:30:46',16),(930,'Kurdamir','2014-09-25 15:30:46',16),(931,'Lacin','2014-09-25 15:30:46',16),(932,'Lankaran','2014-09-25 15:30:46',16),(934,'Lerik','2014-09-25 15:30:47',16),(935,'Masalli','2014-09-25 15:30:47',16),(936,'Mingacevir','2014-09-25 15:30:47',16),(937,'Naftalan','2014-09-25 15:30:47',16),(938,'Naxcivan','2014-09-25 15:30:47',16),(939,'Neftcala','2014-09-25 15:30:47',16),(940,'Oguz','2014-09-25 15:30:47',16),(941,'Qabala','2014-09-25 15:30:47',16),(942,'Qax','2014-09-25 15:30:47',16),(943,'Qazax','2014-09-25 15:30:47',16),(944,'Qobustan','2014-09-25 15:30:47',16),(945,'Quba','2014-09-25 15:30:47',16),(946,'Qubadli','2014-09-25 15:30:47',16),(947,'Qusar','2014-09-25 15:30:47',16),(948,'Saatli','2014-09-25 15:30:47',16),(949,'Sabirabad','2014-09-25 15:30:47',16),(950,'Saki','2014-09-25 15:30:47',16),(952,'Salyan','2014-09-25 15:30:47',16),(953,'Samaxi','2014-09-25 15:30:47',16),(954,'Samkir','2014-09-25 15:30:47',16),(955,'Samux','2014-09-25 15:30:47',16),(956,'Siyazan','2014-09-25 15:30:47',16),(957,'Sumqayit','2014-09-25 15:30:47',16),(958,'Susa','2014-09-25 15:30:47',16),(960,'Tartar','2014-09-25 15:30:47',16),(961,'Tovuz','2014-09-25 15:30:47',16),(962,'Ucar','2014-09-25 15:30:47',16),(963,'Xacmaz','2014-09-25 15:30:47',16),(964,'Xankandi','2014-09-25 15:30:47',16),(965,'Xanlar','2014-09-25 15:30:47',16),(966,'Xizi','2014-09-25 15:30:47',16),(967,'Xocali','2014-09-25 15:30:47',16),(968,'Xocavand','2014-09-25 15:30:47',16),(969,'Yardimli','2014-09-25 15:30:48',16),(970,'Yevlax','2014-09-25 15:30:48',16),(972,'Zangilan','2014-09-25 15:30:48',16),(973,'Zaqatala','2014-09-25 15:30:48',16),(974,'Zardab','2014-09-25 15:30:48',16),(975,'Berat','2014-09-25 15:30:48',2),(976,'Diber','2014-09-25 15:30:48',2),(977,'Durres','2014-09-25 15:30:48',2),(978,'Elbasan','2014-09-25 15:30:48',2),(979,'Fier','2014-09-25 15:30:48',2),(980,'Gjirokaster','2014-09-25 15:30:48',2),(981,'Gramsh','2014-09-25 15:30:48',2),(982,'Kolonje','2014-09-25 15:30:48',2),(983,'Korce','2014-09-25 15:30:48',2),(984,'Kruje','2014-09-25 15:30:48',2),(985,'Kukes','2014-09-25 15:30:48',2),(986,'Lezhe','2014-09-25 15:30:48',2),(987,'Librazhd','2014-09-25 15:30:48',2),(988,'Lushnje','2014-09-25 15:30:48',2),(989,'Mat','2014-09-25 15:30:48',2),(990,'Mirdite','2014-09-25 15:30:48',2),(991,'Permet','2014-09-25 15:30:48',2),(992,'Pogradec','2014-09-25 15:30:48',2),(993,'Puke','2014-09-25 15:30:48',2),(994,'Sarande','2014-09-25 15:30:48',2),(995,'Shkoder','2014-09-25 15:30:48',2),(996,'Skrapar','2014-09-25 15:30:48',2),(997,'Tepelene','2014-09-25 15:30:48',2),(998,'Tropoje','2014-09-25 15:30:48',2),(999,'Vlore','2014-09-25 15:30:48',2),(1000,'Tiran','2014-09-25 15:30:48',2),(1001,'Bulqize','2014-09-25 15:30:48',2),(1002,'Delvine','2014-09-25 15:30:48',2),(1003,'Devoll','2014-09-25 15:30:49',2),(1004,'Has','2014-09-25 15:30:49',2),(1005,'Kavaje','2014-09-25 15:30:49',2),(1006,'Kucove','2014-09-25 15:30:49',2),(1007,'Kurbin','2014-09-25 15:30:49',2),(1008,'Malesi e Madhe','2014-09-25 15:30:49',2),(1009,'Mallakaster','2014-09-25 15:30:49',2),(1010,'Peqin','2014-09-25 15:30:49',2),(1011,'Tirane','2014-09-25 15:30:49',2),(1012,'Aragatsotn','2014-09-25 15:30:49',11),(1013,'Ararat','2014-09-25 15:30:49',11),(1014,'Armavir','2014-09-25 15:30:49',11),(1015,'Geghark\'unik\'','2014-09-25 15:30:49',11),(1016,'Kotayk\'','2014-09-25 15:30:49',11),(1017,'Lorri','2014-09-25 15:30:49',11),(1018,'Shirak','2014-09-25 15:30:49',11),(1019,'Syunik\'','2014-09-25 15:30:49',11),(1020,'Tavush','2014-09-25 15:30:49',11),(1021,'Vayots\' Dzor','2014-09-25 15:30:49',11),(1022,'Yerevan','2014-09-25 15:30:49',11),(1023,'Andorra la Vella','2014-09-25 15:30:49',5),(1024,'Canillo','2014-09-25 15:30:49',5),(1025,'Encamp','2014-09-25 15:30:49',5),(1026,'La Massana','2014-09-25 15:30:49',5),(1027,'Ordino','2014-09-25 15:30:49',5),(1028,'Sant Julia de Loria','2014-09-25 15:30:49',5),(1029,'Benguela','2014-09-25 15:30:49',6),(1030,'Bie','2014-09-25 15:30:49',6),(1031,'Cabinda','2014-09-25 15:30:49',6),(1032,'Cuando Cubango','2014-09-25 15:30:49',6),(1033,'Cuanza Norte','2014-09-25 15:30:49',6),(1034,'Cuanza Sul','2014-09-25 15:30:49',6),(1035,'Cunene','2014-09-25 15:30:49',6),(1036,'Huambo','2014-09-25 15:30:49',6),(1037,'Huila','2014-09-25 15:30:49',6),(1038,'Luanda','2014-09-25 15:30:49',6),(1039,'Malanje','2014-09-25 15:30:49',6),(1040,'Namibe','2014-09-25 15:30:49',6),(1041,'Moxico','2014-09-25 15:30:49',6),(1046,'Uige','2014-09-25 15:30:50',6),(1047,'Zaire','2014-09-25 15:30:50',6),(1048,'Lunda Norte','2014-09-25 15:30:50',6),(1049,'Lunda Sul','2014-09-25 15:30:50',6),(1050,'Bengo','2014-09-25 15:30:50',6),(1051,'Buenos Aires','2014-09-25 15:30:50',10),(1052,'Catamarca','2014-09-25 15:30:50',10),(1053,'Chaco','2014-09-25 15:30:50',10),(1054,'Chubut','2014-09-25 15:30:50',10),(1055,'Cordoba','2014-09-25 15:30:50',10),(1056,'Corrientes','2014-09-25 15:30:50',10),(1057,'Distrito Federal','2014-09-25 15:30:50',10),(1058,'Entre Rios','2014-09-25 15:30:50',10),(1059,'Formosa','2014-09-25 15:30:50',10),(1060,'Jujuy','2014-09-25 15:30:50',10),(1061,'La Pampa','2014-09-25 15:30:50',10),(1062,'La Rioja','2014-09-25 15:30:50',10),(1063,'Mendoza','2014-09-25 15:30:50',10),(1064,'Misiones','2014-09-25 15:30:50',10),(1065,'Neuquen','2014-09-25 15:30:50',10),(1066,'Rio Negro','2014-09-25 15:30:50',10),(1067,'Salta','2014-09-25 15:30:50',10),(1068,'San Juan','2014-09-25 15:30:50',10),(1069,'San Luis','2014-09-25 15:30:50',10),(1070,'Santa Cruz','2014-09-25 15:30:50',10),(1071,'Santa Fe','2014-09-25 15:30:50',10),(1072,'Santiago del Estero','2014-09-25 15:30:50',10),(1073,'Antartida e Islas del Atlan Tierra del Fuego','2014-09-25 15:30:50',10),(1074,'Tucuman','2014-09-25 15:30:50',10),(1075,'Burgenland','2014-09-25 15:30:50',15),(1076,'Karnten','2014-09-25 15:30:50',15),(1077,'Niederosterreich','2014-09-25 15:30:50',15),(1078,'Oberosterreich','2014-09-25 15:30:50',15),(1079,'Salzburg','2014-09-25 15:30:50',15),(1080,'Steiermark','2014-09-25 15:30:50',15),(1081,'Tirol','2014-09-25 15:30:50',15),(1082,'Vorarlberg','2014-09-25 15:30:50',15),(1083,'Wien','2014-09-25 15:30:50',15),(1084,'Al Hadd','2014-09-25 15:30:50',18),(1085,'Al Manamah','2014-09-25 15:30:50',18),(1086,'Al Muharraq','2014-09-25 15:30:50',18),(1087,'Jidd Hafs','2014-09-25 15:30:50',18),(1088,'Sitrah','2014-09-25 15:30:51',18),(1090,'Al Mintaqah al Gharbiyah','2014-09-25 15:30:51',18),(1091,'Mintaqat Juzur Hawar','2014-09-25 15:30:51',18),(1092,'Al Mintaqah ash Shamaliyah','2014-09-25 15:30:51',18),(1093,'Al Mintaqah al Wusta','2014-09-25 15:30:51',18),(1094,'Madinat Isa','2014-09-25 15:30:51',18),(1096,'Madinat Hamad','2014-09-25 15:30:51',18),(1097,'Christ Church','2014-09-25 15:30:51',21),(1098,'Saint Andrew','2014-09-25 15:30:51',21),(1099,'Saint George','2014-09-25 15:30:51',21),(1100,'Saint James','2014-09-25 15:30:51',21),(1101,'Saint John','2014-09-25 15:30:51',21),(1102,'Saint Joseph','2014-09-25 15:30:51',21),(1103,'Saint Lucy','2014-09-25 15:30:51',21),(1104,'Saint Michael','2014-09-25 15:30:51',21),(1105,'Saint Peter','2014-09-25 15:30:51',21),(1106,'Saint Philip','2014-09-25 15:30:51',21),(1107,'Saint Thomas','2014-09-25 15:30:51',21),(1108,'Central','2014-09-25 15:30:51',31),(1109,'Chobe','2014-09-25 15:30:51',31),(1110,'Ghanzi','2014-09-25 15:30:51',31),(1111,'Kgalagadi','2014-09-25 15:30:51',31),(1112,'Kgatleng','2014-09-25 15:30:51',31),(1113,'Kweneng','2014-09-25 15:30:51',31),(1114,'Ngamiland','2014-09-25 15:30:51',31),(1115,'NorthEast','2014-09-25 15:30:51',31),(1116,'SouthEast','2014-09-25 15:30:51',31),(1117,'Southern','2014-09-25 15:30:51',31),(1118,'Devonshire','2014-09-25 15:30:51',27),(1119,'Hamilton Municipality','2014-09-25 15:30:51',27),(1121,'Paget','2014-09-25 15:30:51',27),(1122,'Pembroke','2014-09-25 15:30:51',27),(1123,'Saint George','2014-09-25 15:30:51',27),(1124,'Saint George\'s','2014-09-25 15:30:51',27),(1125,'Sandys','2014-09-25 15:30:51',27),(1126,'Smiths','2014-09-25 15:30:51',27),(1127,'Southampton','2014-09-25 15:30:51',27),(1128,'Warwick','2014-09-25 15:30:51',27),(1129,'Antwerpen','2014-09-25 15:30:51',24),(1131,'Hainaut','2014-09-25 15:30:51',24),(1132,'Liege','2014-09-25 15:30:51',24),(1133,'Limburg','2014-09-25 15:30:52',24),(1134,'Luxembourg','2014-09-25 15:30:52',24),(1135,'Namur','2014-09-25 15:30:52',24),(1136,'Oost-Vlaanderen','2014-09-25 15:30:52',24),(1137,'West-Vlaanderen','2014-09-25 15:30:52',24),(1138,'Bimini','2014-09-25 15:30:52',17),(1139,'Cat Island','2014-09-25 15:30:52',17),(1140,'Exuma','2014-09-25 15:30:52',17),(1143,'Inagua','2014-09-25 15:30:52',17),(1144,'Long Island','2014-09-25 15:30:52',17),(1145,'Mayaguana','2014-09-25 15:30:52',17),(1146,'Ragged Island','2014-09-25 15:30:52',17),(1147,'Harbour Island','2014-09-25 15:30:52',17),(1148,'New Providence','2014-09-25 15:30:52',17),(1149,'Acklins and Crooked Islands','2014-09-25 15:30:52',17),(1150,'Freeport','2014-09-25 15:30:52',17),(1151,'Fresh Creek','2014-09-25 15:30:52',17),(1152,'Governor\'s Harbour','2014-09-25 15:30:52',17),(1153,'Green Turtle Cay','2014-09-25 15:30:52',17),(1154,'High Rock','2014-09-25 15:30:52',17),(1155,'Kemps Bay','2014-09-25 15:30:52',17),(1156,'Marsh Harbour','2014-09-25 15:30:52',17),(1157,'Nichollstown and Berry Islands','2014-09-25 15:30:52',17),(1158,'Rock Sound','2014-09-25 15:30:52',17),(1159,'Sandy Point','2014-09-25 15:30:52',17),(1160,'San Salvador and Rum Cay','2014-09-25 15:30:52',17),(1161,'Chittagong','2014-09-25 15:30:52',20),(1162,'Dhaka','2014-09-25 15:30:52',20),(1163,'Khulna','2014-09-25 15:30:52',20),(1164,'Rajshahi','2014-09-25 15:30:52',20),(1165,'Belize','2014-09-25 15:30:52',25),(1166,'Cayo','2014-09-25 15:30:52',25),(1167,'Corozal','2014-09-25 15:30:52',25),(1168,'Orange Walk','2014-09-25 15:30:52',25),(1169,'Stann Creek','2014-09-25 15:30:52',25),(1170,'Toledo','2014-09-25 15:30:52',25),(1171,'Chuquisaca','2014-09-25 15:30:52',29),(1172,'Cochabamba','2014-09-25 15:30:52',29),(1173,'El Beni','2014-09-25 15:30:53',29),(1174,'La Paz','2014-09-25 15:30:53',29),(1175,'Oruro','2014-09-25 15:30:53',29),(1176,'Pando','2014-09-25 15:30:53',29),(1177,'Potosi','2014-09-25 15:30:53',29),(1178,'Santa Cruz','2014-09-25 15:30:53',29),(1179,'Tarija','2014-09-25 15:30:53',29),(1180,'Rakhine State','2014-09-25 15:30:53',39),(1181,'Chin State','2014-09-25 15:30:53',39),(1182,'Ayeyarwady','2014-09-25 15:30:53',39),(1183,'Kachin State','2014-09-25 15:30:53',39),(1184,'Kayin State','2014-09-25 15:30:53',39),(1185,'Kayah State','2014-09-25 15:30:53',39),(1187,'Mandalay','2014-09-25 15:30:53',39),(1189,'Sagaing','2014-09-25 15:30:53',39),(1190,'Shan State','2014-09-25 15:30:53',39),(1191,'Tanintharyi','2014-09-25 15:30:53',39),(1192,'Mon State','2014-09-25 15:30:53',39),(1194,'Magway','2014-09-25 15:30:53',39),(1195,'Bago','2014-09-25 15:30:53',39),(1196,'Yangon','2014-09-25 15:30:53',39),(1197,'Atakora','2014-09-25 15:30:53',26),(1198,'Atlantique','2014-09-25 15:30:53',26),(1199,'Borgou','2014-09-25 15:30:53',26),(1200,'Mono','2014-09-25 15:30:53',26),(1201,'Oueme','2014-09-25 15:30:53',26),(1202,'Zou','2014-09-25 15:30:53',26),(1203,'Brestskaya Voblasts\'','2014-09-25 15:30:53',23),(1204,'Homyel\'skaya Voblasts\'','2014-09-25 15:30:53',23),(1205,'Hrodzyenskaya Voblasts\'','2014-09-25 15:30:53',23),(1206,'Minsk','2014-09-25 15:30:53',23),(1207,'Minskaya Voblasts\'','2014-09-25 15:30:53',23),(1208,'Mahilyowskaya Voblasts\'','2014-09-25 15:30:53',23),(1209,'Vitsyebskaya Voblasts\'','2014-09-25 15:30:53',23),(1210,'Malaita','2014-09-25 15:30:53',222),(1211,'Western','2014-09-25 15:30:53',222),(1212,'Central','2014-09-25 15:30:53',222),(1213,'Guadalcanal','2014-09-25 15:30:54',222),(1214,'Isabel','2014-09-25 15:30:54',222),(1215,'Makira','2014-09-25 15:30:54',222),(1216,'Temotu','2014-09-25 15:30:54',222),(1217,'Distrito Federal','2014-09-25 15:30:54',33),(1219,'Paro','2014-09-25 15:30:54',33),(1220,'Pernambuco','2014-09-25 15:30:54',33),(1221,'Bumthang','2014-09-25 15:30:54',28),(1222,'Chhukha','2014-09-25 15:30:54',28),(1223,'Chirang','2014-09-25 15:30:54',28),(1224,'Daga','2014-09-25 15:30:54',28),(1225,'Geylegphug','2014-09-25 15:30:54',28),(1226,'Ha','2014-09-25 15:30:54',28),(1227,'Lhuntshi','2014-09-25 15:30:54',28),(1228,'Mongar','2014-09-25 15:30:54',28),(1229,'Paro','2014-09-25 15:30:54',28),(1230,'Pemagatsel','2014-09-25 15:30:54',28),(1231,'Punakha','2014-09-25 15:30:54',28),(1232,'Samchi','2014-09-25 15:30:54',28),(1233,'Samdrup','2014-09-25 15:30:54',28),(1234,'Shemgang','2014-09-25 15:30:54',28),(1235,'Tashigang','2014-09-25 15:30:54',28),(1236,'Thimphu','2014-09-25 15:30:54',28),(1237,'Tongsa','2014-09-25 15:30:54',28),(1238,'Wangdi Phodrang','2014-09-25 15:30:54',28),(1239,'Burgas','2014-09-25 15:30:54',37),(1240,'Sofiya-Grad','2014-09-25 15:30:54',37),(1241,'Khaskovo','2014-09-25 15:30:54',37),(1242,'Lovech','2014-09-25 15:30:54',37),(1243,'Montana','2014-09-25 15:30:54',37),(1244,'Plovdiv','2014-09-25 15:30:54',37),(1245,'Razgrad','2014-09-25 15:30:54',37),(1246,'Sofiya','2014-09-25 15:30:54',37),(1247,'Varna','2014-09-25 15:30:54',37),(1248,'Belait','2014-09-25 15:30:54',36),(1249,'Brunei and Muara','2014-09-25 15:30:54',36),(1250,'Temburong','2014-09-25 15:30:54',36),(1251,'Tutong','2014-09-25 15:30:54',36),(1252,'Bujumbura','2014-09-25 15:30:54',40),(1253,'Muramvya','2014-09-25 15:30:54',40),(1254,'Bubanza','2014-09-25 15:30:55',40),(1255,'Bururi','2014-09-25 15:30:55',40),(1256,'Cankuzo','2014-09-25 15:30:55',40),(1257,'Cibitoke','2014-09-25 15:30:55',40),(1258,'Gitega','2014-09-25 15:30:55',40),(1259,'Karuzi','2014-09-25 15:30:55',40),(1260,'Kayanza','2014-09-25 15:30:55',40),(1261,'Kirundo','2014-09-25 15:30:55',40),(1262,'Makamba','2014-09-25 15:30:55',40),(1263,'Muyinga','2014-09-25 15:30:55',40),(1264,'Ngozi','2014-09-25 15:30:55',40),(1265,'Rutana','2014-09-25 15:30:55',40),(1266,'Ruyigi','2014-09-25 15:30:55',40),(1267,'Batdambang','2014-09-25 15:30:55',41),(1268,'Kampong Cham','2014-09-25 15:30:55',41),(1269,'Kampong Chhnang','2014-09-25 15:30:55',41),(1270,'Kampong Spoe','2014-09-25 15:30:55',41),(1271,'Kampong Thum','2014-09-25 15:30:55',41),(1272,'Kampot','2014-09-25 15:30:55',41),(1273,'Kandal','2014-09-25 15:30:55',41),(1274,'Kaoh Kong','2014-09-25 15:30:55',41),(1275,'Krachen','2014-09-25 15:30:55',41),(1276,'Mondol Kiri','2014-09-25 15:30:55',41),(1277,'Phnum Penh','2014-09-25 15:30:55',41),(1278,'Pouthisat','2014-09-25 15:30:55',41),(1279,'Preah Vihear','2014-09-25 15:30:55',41),(1280,'Prey Veng','2014-09-25 15:30:55',41),(1283,'Stoeng Treng','2014-09-25 15:30:55',41),(1284,'Svay Rieng','2014-09-25 15:30:55',41),(1285,'Takev','2014-09-25 15:30:55',41),(1286,'Rotanah Kiri','2014-09-25 15:30:55',41),(1287,'Siem Reab','2014-09-25 15:30:55',41),(1288,'Banteay Mean Cheay','2014-09-25 15:30:55',41),(1289,'Keb','2014-09-25 15:30:55',41),(1290,'Otdar Mean Cheay','2014-09-25 15:30:55',41),(1291,'Preah Seihanu','2014-09-25 15:30:55',41),(1292,'Batha','2014-09-25 15:30:55',47),(1293,'Biltine','2014-09-25 15:30:55',47),(1294,'Borkou-Ennedi-Tibesti','2014-09-25 15:30:55',47),(1295,'ChariBaguirmi','2014-09-25 15:30:55',47),(1296,'Guera','2014-09-25 15:30:56',47),(1297,'Kanem','2014-09-25 15:30:56',47),(1298,'Lac','2014-09-25 15:30:56',47),(1299,'Logone Occidental','2014-09-25 15:30:56',47),(1300,'Logone Oriental','2014-09-25 15:30:56',47),(1301,'Mayo-Kebbi','2014-09-25 15:30:56',47),(1302,'Moyen-Chari','2014-09-25 15:30:56',47),(1303,'Ouaddai','2014-09-25 15:30:56',47),(1304,'Salamat','2014-09-25 15:30:56',47),(1305,'Tandjile','2014-09-25 15:30:56',47),(1306,'Central','2014-09-25 15:30:56',228),(1307,'North Central','2014-09-25 15:30:56',228),(1308,'North Eastern','2014-09-25 15:30:56',228),(1309,'North Western','2014-09-25 15:30:56',228),(1310,'Sabaragamuwa','2014-09-25 15:30:56',228),(1311,'Southern','2014-09-25 15:30:56',228),(1312,'Uva','2014-09-25 15:30:56',228),(1313,'Western','2014-09-25 15:30:56',228),(1314,'Bouenza','2014-09-25 15:30:56',56),(1315,'Cuvette','2014-09-25 15:30:56',56),(1316,'Kouilou','2014-09-25 15:30:56',56),(1317,'Lekoumou','2014-09-25 15:30:56',56),(1318,'Likouala','2014-09-25 15:30:56',56),(1319,'Niari','2014-09-25 15:30:56',56),(1320,'Plateaux','2014-09-25 15:30:56',56),(1321,'Sangha','2014-09-25 15:30:56',56),(1322,'Pool','2014-09-25 15:30:56',56),(1323,'Brazzaville','2014-09-25 15:30:56',56),(1324,'Bandundu','2014-09-25 15:30:56',55),(1325,'Equateur','2014-09-25 15:30:56',55),(1326,'Kasai-Occidental','2014-09-25 15:30:56',55),(1327,'Kasai-Oriental','2014-09-25 15:30:56',55),(1328,'Katanga','2014-09-25 15:30:56',55),(1329,'Kinshasa','2014-09-25 15:30:56',55),(1331,'Bas-Congo','2014-09-25 15:30:56',55),(1332,'Orientale','2014-09-25 15:30:56',55),(1333,'Anhui','2014-09-25 15:30:56',49),(1334,'Zhejiang','2014-09-25 15:30:56',49),(1335,'Jiangxi','2014-09-25 15:30:56',49),(1336,'Jiangsu','2014-09-25 15:30:57',49),(1337,'Jilin','2014-09-25 15:30:57',49),(1338,'Qinghai','2014-09-25 15:30:57',49),(1339,'Fujian','2014-09-25 15:30:57',49),(1340,'Heilongjiang','2014-09-25 15:30:57',49),(1341,'Henan','2014-09-25 15:30:57',49),(1342,'Hebei','2014-09-25 15:30:57',49),(1343,'Hunan','2014-09-25 15:30:57',49),(1344,'Hubei','2014-09-25 15:30:57',49),(1345,'Xinjiang','2014-09-25 15:30:57',49),(1346,'Xizang','2014-09-25 15:30:57',49),(1347,'Gansu','2014-09-25 15:30:57',49),(1348,'Guangxi','2014-09-25 15:30:57',49),(1349,'Guizhou','2014-09-25 15:30:57',49),(1350,'Liaoning','2014-09-25 15:30:57',49),(1351,'Nei Mongol','2014-09-25 15:30:57',49),(1352,'Ningxia','2014-09-25 15:30:57',49),(1353,'Beijing','2014-09-25 15:30:57',49),(1354,'Shanghai','2014-09-25 15:30:57',49),(1355,'Shanxi','2014-09-25 15:30:57',49),(1356,'Shandong','2014-09-25 15:30:57',49),(1357,'Shaanxi','2014-09-25 15:30:57',49),(1358,'Sichuan','2014-09-25 15:30:57',49),(1359,'Tianjin','2014-09-25 15:30:57',49),(1360,'Yunnan','2014-09-25 15:30:57',49),(1361,'Guangdong','2014-09-25 15:30:57',49),(1362,'Hainan','2014-09-25 15:30:57',49),(1363,'Chongqing','2014-09-25 15:30:57',49),(1364,'Valparaiso','2014-09-25 15:30:57',48),(1365,'Aysen del General Carlos Ibanez del Campo','2014-09-25 15:30:58',48),(1366,'Antofagasta','2014-09-25 15:30:58',48),(1367,'Araucania','2014-09-25 15:30:58',48),(1368,'Atacama','2014-09-25 15:30:58',48),(1369,'Bio-Bio','2014-09-25 15:30:58',48),(1370,'Coquimbo','2014-09-25 15:30:58',48),(1371,'Libertador General Bernardo O\'Higgins','2014-09-25 15:30:58',48),(1372,'Los Lagos','2014-09-25 15:30:58',48),(1373,'Magallanes y de la Antartica Chilena','2014-09-25 15:30:58',48),(1374,'Maule','2014-09-25 15:30:58',48),(1375,'Region Metropolitana','2014-09-25 15:30:58',48),(1376,'Tarapaca','2014-09-25 15:30:58',48),(1377,'Creek','2014-09-25 15:30:58',45),(1378,'Eastern','2014-09-25 15:30:58',45),(1379,'Midland','2014-09-25 15:30:58',45),(1380,'South Town','2014-09-25 15:30:58',45),(1381,'Spot Bay','2014-09-25 15:30:58',45),(1382,'Stake Bay','2014-09-25 15:30:58',45),(1383,'West End','2014-09-25 15:30:58',45),(1384,'Western','2014-09-25 15:30:58',45),(1385,'Est','2014-09-25 15:30:58',42),(1386,'Littoral','2014-09-25 15:30:58',42),(1387,'NordOuest','2014-09-25 15:30:58',42),(1388,'Ouest','2014-09-25 15:30:58',42),(1389,'SudOuest','2014-09-25 15:30:58',42),(1390,'Adamaoua','2014-09-25 15:30:58',42),(1391,'Centre','2014-09-25 15:30:58',42),(1392,'ExtremeNord','2014-09-25 15:30:58',42),(1393,'Nord','2014-09-25 15:30:58',42),(1394,'Sud','2014-09-25 15:30:58',42),(1395,'Anjouan','2014-09-25 15:30:58',54),(1396,'Grande Comore','2014-09-25 15:30:58',54),(1397,'Moheli','2014-09-25 15:30:58',54),(1398,'Amazonas','2014-09-25 15:30:58',53),(1399,'Antioquia','2014-09-25 15:30:58',53),(1400,'Arauca','2014-09-25 15:30:58',53),(1401,'Atlantico','2014-09-25 15:30:58',53),(1402,'Caqueta','2014-09-25 15:30:58',53),(1403,'Cauca','2014-09-25 15:30:58',53),(1404,'Cesar','2014-09-25 15:30:59',53),(1405,'Choco','2014-09-25 15:30:59',53),(1406,'Cordoba','2014-09-25 15:30:59',53),(1408,'Guaviare','2014-09-25 15:30:59',53),(1409,'Guainia','2014-09-25 15:30:59',53),(1410,'Huila','2014-09-25 15:30:59',53),(1411,'La Guajira','2014-09-25 15:30:59',53),(1412,'Meta','2014-09-25 15:30:59',53),(1413,'Narino','2014-09-25 15:30:59',53),(1414,'Norte de Santander','2014-09-25 15:30:59',53),(1415,'Putumayo','2014-09-25 15:30:59',53),(1416,'Quindio','2014-09-25 15:30:59',53),(1417,'Risaralda','2014-09-25 15:30:59',53),(1418,'San Andres y Providencia','2014-09-25 15:30:59',53),(1419,'Santander','2014-09-25 15:30:59',53),(1420,'Sucre','2014-09-25 15:30:59',53),(1421,'Tolima','2014-09-25 15:30:59',53),(1422,'Valle del Cauca','2014-09-25 15:30:59',53),(1423,'Vaupes','2014-09-25 15:30:59',53),(1424,'Vichada','2014-09-25 15:30:59',53),(1425,'Casanare','2014-09-25 15:30:59',53),(1426,'Cundinamarca','2014-09-25 15:30:59',53),(1427,'Distrito Capital','2014-09-25 15:30:59',53),(1428,'Bolivar','2014-09-25 15:30:59',53),(1429,'Boyaca','2014-09-25 15:30:59',53),(1430,'Caldas','2014-09-25 15:30:59',53),(1431,'Magdalena','2014-09-25 15:30:59',53),(1432,'Alajuela','2014-09-25 15:30:59',59),(1433,'Cartago','2014-09-25 15:30:59',59),(1434,'Guanacaste','2014-09-25 15:30:59',59),(1435,'Heredia','2014-09-25 15:30:59',59),(1436,'Limon','2014-09-25 15:30:59',59),(1437,'Puntarenas','2014-09-25 15:30:59',59),(1438,'San Jose','2014-09-25 15:30:59',59),(1439,'Bamingui-Bangoran','2014-09-25 15:30:59',46),(1440,'Basse-Kotto','2014-09-25 15:30:59',46),(1441,'Haute-Kotto','2014-09-25 15:30:59',46),(1442,'Haute-Sangha','2014-09-25 15:30:59',46),(1443,'Haut-Mbomou','2014-09-25 15:30:59',46),(1444,'Kemo-Gribingui','2014-09-25 15:31:00',46),(1445,'Lobaye','2014-09-25 15:31:00',46),(1446,'Mbomou','2014-09-25 15:31:00',46),(1447,'Nana-Mambere','2014-09-25 15:31:00',46),(1448,'Ouaka','2014-09-25 15:31:00',46),(1449,'Ouham','2014-09-25 15:31:00',46),(1450,'Ouham-Pende','2014-09-25 15:31:00',46),(1451,'Vakaga','2014-09-25 15:31:00',46),(1452,'Gribingui','2014-09-25 15:31:00',46),(1453,'Sangha','2014-09-25 15:31:00',46),(1454,'Ombella-Mpoko','2014-09-25 15:31:00',46),(1455,'Bangui','2014-09-25 15:31:00',46),(1456,'Pinar del Rio','2014-09-25 15:31:00',62),(1457,'Ciudad de La Habana','2014-09-25 15:31:00',62),(1458,'Matanzas','2014-09-25 15:31:00',62),(1459,'Isla de la Juventud','2014-09-25 15:31:00',62),(1460,'Camaguey','2014-09-25 15:31:00',62),(1461,'Ciego de Avila','2014-09-25 15:31:00',62),(1462,'Cienfuegos','2014-09-25 15:31:00',62),(1463,'Granma','2014-09-25 15:31:00',62),(1464,'Guantanamo','2014-09-25 15:31:00',62),(1465,'La Habana','2014-09-25 15:31:00',62),(1466,'Holguin','2014-09-25 15:31:00',62),(1467,'Las Tunas','2014-09-25 15:31:00',62),(1468,'Sancti Spiritus','2014-09-25 15:31:00',62),(1469,'Santiago de Cuba','2014-09-25 15:31:00',62),(1470,'Villa Clara','2014-09-25 15:31:00',62),(1471,'Boa Vista','2014-09-25 15:31:00',44),(1472,'Brava','2014-09-25 15:31:00',44),(1473,'Calheta de São Miguel','2014-09-25 15:31:00',44),(1474,'Maio','2014-09-25 15:31:00',44),(1475,'Paul','2014-09-25 15:31:00',44),(1476,'Praia','2014-09-25 15:31:00',44),(1477,'Ribeira Grande','2014-09-25 15:31:00',44),(1478,'Sal','2014-09-25 15:31:00',44),(1479,'Santa Catarina','2014-09-25 15:31:00',44),(1480,'Sao Nicolau','2014-09-25 15:31:00',44),(1481,'Sao Vicente','2014-09-25 15:31:00',44),(1482,'Tarrafal','2014-09-25 15:31:00',44),(1483,'Famagusta','2014-09-25 15:31:00',63),(1484,'Kyrenia','2014-09-25 15:31:01',63),(1485,'Larnaca','2014-09-25 15:31:01',63),(1486,'Nicosia','2014-09-25 15:31:01',63),(1487,'Limassol','2014-09-25 15:31:01',63),(1488,'Paphos','2014-09-25 15:31:01',63),(1489,'Arhus','2014-09-25 15:31:01',65),(1490,'Bornholm','2014-09-25 15:31:01',65),(1491,'Frederiksborg','2014-09-25 15:31:01',65),(1492,'Fyn','2014-09-25 15:31:01',65),(1493,'Kobenhavn','2014-09-25 15:31:01',65),(1494,'Nordjylland','2014-09-25 15:31:01',65),(1495,'Ribe','2014-09-25 15:31:01',65),(1496,'Ringkobing','2014-09-25 15:31:01',65),(1497,'Roskilde','2014-09-25 15:31:01',65),(1498,'Sonderjylland','2014-09-25 15:31:01',65),(1499,'Storstrom','2014-09-25 15:31:01',65),(1500,'Vejle','2014-09-25 15:31:01',65),(1501,'Vestsjalland','2014-09-25 15:31:01',65),(1502,'Viborg','2014-09-25 15:31:01',65),(1503,'Fredericksberg','2014-09-25 15:31:01',65),(1504,'\'Ali Sabih','2014-09-25 15:31:01',66),(1505,'Dikhil','2014-09-25 15:31:01',66),(1506,'Djibouti','2014-09-25 15:31:01',66),(1507,'Obock','2014-09-25 15:31:01',66),(1508,'Tadjoura','2014-09-25 15:31:01',66),(1509,'Saint Andrew','2014-09-25 15:31:01',67),(1510,'Saint David','2014-09-25 15:31:01',67),(1511,'Saint George','2014-09-25 15:31:01',67),(1512,'Saint John','2014-09-25 15:31:01',67),(1513,'Saint Joseph','2014-09-25 15:31:01',67),(1514,'Saint Luke','2014-09-25 15:31:01',67),(1515,'Saint Mark','2014-09-25 15:31:01',67),(1516,'Saint Patrick','2014-09-25 15:31:01',67),(1517,'Saint Paul','2014-09-25 15:31:01',67),(1518,'Saint Peter','2014-09-25 15:31:01',67),(1519,'Azua','2014-09-25 15:31:01',68),(1520,'Baoruco','2014-09-25 15:31:02',68),(1521,'Barahona','2014-09-25 15:31:02',68),(1522,'Dajabon','2014-09-25 15:31:02',68),(1523,'Distrito Nacional','2014-09-25 15:31:02',68),(1524,'Duarte','2014-09-25 15:31:02',68),(1525,'Espaillat','2014-09-25 15:31:02',68),(1526,'Independencia','2014-09-25 15:31:02',68),(1527,'La Altagracia','2014-09-25 15:31:02',68),(1528,'Elias Pina','2014-09-25 15:31:02',68),(1529,'La Romana','2014-09-25 15:31:02',68),(1530,'Maria Trinidad Sanchez','2014-09-25 15:31:02',68),(1531,'Monte Cristi','2014-09-25 15:31:02',68),(1532,'Pedernales','2014-09-25 15:31:02',68),(1533,'Peravia','2014-09-25 15:31:02',68),(1534,'Puerto Plata','2014-09-25 15:31:02',68),(1535,'Salcedo','2014-09-25 15:31:02',68),(1536,'Samana','2014-09-25 15:31:02',68),(1537,'Sanchez Ramirez','2014-09-25 15:31:02',68),(1538,'San Juan','2014-09-25 15:31:02',68),(1539,'San Pedro de Macoris','2014-09-25 15:31:02',68),(1540,'Santiago','2014-09-25 15:31:02',68),(1541,'Santiago Rodriguez','2014-09-25 15:31:02',68),(1542,'Valverde','2014-09-25 15:31:02',68),(1543,'El Seibo','2014-09-25 15:31:02',68),(1544,'Hato Mayor','2014-09-25 15:31:02',68),(1545,'La Vega','2014-09-25 15:31:02',68),(1546,'Monsenor Nouel','2014-09-25 15:31:02',68),(1547,'Monte Plata','2014-09-25 15:31:02',68),(1548,'San Cristobal','2014-09-25 15:31:02',68),(1549,'Galapagos','2014-09-25 15:31:02',70),(1550,'Azuay','2014-09-25 15:31:02',70),(1551,'Bolivar','2014-09-25 15:31:02',70),(1552,'Canar','2014-09-25 15:31:02',70),(1553,'Carchi','2014-09-25 15:31:02',70),(1554,'Chimborazo','2014-09-25 15:31:02',70),(1555,'Cotopaxi','2014-09-25 15:31:02',70),(1556,'El Oro','2014-09-25 15:31:02',70),(1557,'Esmeraldas','2014-09-25 15:31:02',70),(1558,'Guayas','2014-09-25 15:31:02',70),(1559,'Imbabura','2014-09-25 15:31:03',70),(1560,'Loja','2014-09-25 15:31:03',70),(1561,'Los Rios','2014-09-25 15:31:03',70),(1562,'Manabi','2014-09-25 15:31:03',70),(1563,'Morona-Santiago','2014-09-25 15:31:03',70),(1564,'Pastaza','2014-09-25 15:31:03',70),(1565,'Pichincha','2014-09-25 15:31:03',70),(1566,'Tungurahua','2014-09-25 15:31:03',70),(1567,'Zamora-Chinchipe','2014-09-25 15:31:03',70),(1568,'Napo','2014-09-25 15:31:03',70),(1569,'Sucumbios','2014-09-25 15:31:03',70),(1570,'Ad Daqahliyah','2014-09-25 15:31:03',71),(1571,'Al Bahr al Ahmar','2014-09-25 15:31:03',71),(1572,'Al Buhayrah','2014-09-25 15:31:03',71),(1573,'Al Fayyum','2014-09-25 15:31:03',71),(1574,'Al Gharbiyah','2014-09-25 15:31:03',71),(1575,'Al Iskandariyah','2014-09-25 15:31:03',71),(1576,'Al Isma\'iliyah','2014-09-25 15:31:03',71),(1577,'Al Jizah','2014-09-25 15:31:03',71),(1578,'Al Minufiyah','2014-09-25 15:31:03',71),(1579,'Al Minya','2014-09-25 15:31:03',71),(1580,'Al Qahirah','2014-09-25 15:31:03',71),(1581,'Al Qaly¯biyah','2014-09-25 15:31:03',71),(1582,'Al Wadi al Jadid','2014-09-25 15:31:03',71),(1583,'Ash Sharqiyah','2014-09-25 15:31:03',71),(1584,'As Suways','2014-09-25 15:31:03',71),(1585,'Aswan','2014-09-25 15:31:03',71),(1586,'Asyut','2014-09-25 15:31:03',71),(1587,'Bani Suwayf','2014-09-25 15:31:03',71),(1588,'Bur Sa\'id','2014-09-25 15:31:03',71),(1589,'Dumyat','2014-09-25 15:31:03',71),(1590,'Kafr ash Shaykh','2014-09-25 15:31:04',71),(1591,'Matruh','2014-09-25 15:31:04',71),(1592,'Qina','2014-09-25 15:31:04',71),(1593,'Suhaj','2014-09-25 15:31:04',71),(1594,'Janub Sina\'','2014-09-25 15:31:04',71),(1595,'Shamal Sina\'','2014-09-25 15:31:04',71),(1596,'Carlow','2014-09-25 15:31:04',117),(1597,'Cavan','2014-09-25 15:31:04',117),(1598,'Clare','2014-09-25 15:31:04',117),(1599,'Cork','2014-09-25 15:31:04',117),(1600,'Donegal','2014-09-25 15:31:04',117),(1601,'Dublin','2014-09-25 15:31:04',117),(1602,'Galway','2014-09-25 15:31:04',117),(1603,'Kerry','2014-09-25 15:31:04',117),(1604,'Kildare','2014-09-25 15:31:04',117),(1605,'Kilkenny','2014-09-25 15:31:04',117),(1606,'Leitrim','2014-09-25 15:31:04',117),(1607,'Laois','2014-09-25 15:31:04',117),(1608,'Limerick','2014-09-25 15:31:04',117),(1609,'Longford','2014-09-25 15:31:04',117),(1610,'Louth','2014-09-25 15:31:04',117),(1611,'Mayo','2014-09-25 15:31:04',117),(1612,'Meath','2014-09-25 15:31:04',117),(1613,'Monaghan','2014-09-25 15:31:04',117),(1614,'Offaly','2014-09-25 15:31:04',117),(1615,'Roscommon','2014-09-25 15:31:04',117),(1616,'Sligo','2014-09-25 15:31:04',117),(1617,'Tipperary','2014-09-25 15:31:04',117),(1618,'Waterford','2014-09-25 15:31:04',117),(1619,'Westmeath','2014-09-25 15:31:04',117),(1620,'Wexford','2014-09-25 15:31:04',117),(1621,'Wicklow','2014-09-25 15:31:04',117),(1622,'Annobon','2014-09-25 15:31:04',73),(1623,'Bioko Norte','2014-09-25 15:31:04',73),(1624,'Bioko Sur','2014-09-25 15:31:04',73),(1625,'Centro Sur','2014-09-25 15:31:04',73),(1626,'Kie-Ntem','2014-09-25 15:31:04',73),(1627,'Litoral','2014-09-25 15:31:04',73),(1628,'Wele-Nzas','2014-09-25 15:31:04',73),(1629,'Harjumaa','2014-09-25 15:31:04',75),(1630,'Hiiumaa','2014-09-25 15:31:04',75),(1631,'Ida-Virumaa','2014-09-25 15:31:04',75),(1632,'Jarvamaa','2014-09-25 15:31:05',75),(1633,'Jogevamaa','2014-09-25 15:31:05',75),(1634,'Laanemaa','2014-09-25 15:31:05',75),(1635,'Laane-Virumaa','2014-09-25 15:31:05',75),(1636,'Parnumaa','2014-09-25 15:31:05',75),(1637,'Polvamaa','2014-09-25 15:31:05',75),(1638,'Raplamaa','2014-09-25 15:31:05',75),(1639,'Saaremaa','2014-09-25 15:31:05',75),(1640,'Tartumaa','2014-09-25 15:31:05',75),(1641,'Valgamaa','2014-09-25 15:31:05',75),(1642,'Viljandimaa','2014-09-25 15:31:05',75),(1643,'Vorumaa','2014-09-25 15:31:05',75),(1644,'Ahuachapan','2014-09-25 15:31:05',72),(1645,'Cabanas','2014-09-25 15:31:05',72),(1646,'Chalatenango','2014-09-25 15:31:05',72),(1647,'Cuscatlan','2014-09-25 15:31:05',72),(1648,'La Libertad','2014-09-25 15:31:05',72),(1649,'La Paz','2014-09-25 15:31:05',72),(1650,'La Union','2014-09-25 15:31:05',72),(1651,'Morazan','2014-09-25 15:31:05',72),(1652,'San Miguel','2014-09-25 15:31:05',72),(1653,'San Salvador','2014-09-25 15:31:05',72),(1654,'Santa Ana','2014-09-25 15:31:05',72),(1655,'San Vicente','2014-09-25 15:31:05',72),(1656,'Sonsonate','2014-09-25 15:31:05',72),(1657,'Usulutan','2014-09-25 15:31:05',72),(1687,'Harari People','2014-09-25 15:31:05',76),(1688,'Gambela Peoples','2014-09-25 15:31:05',76),(1690,'Benshangul-Gumaz','2014-09-25 15:31:05',76),(1691,'Tigray','2014-09-25 15:31:05',76),(1692,'Amhara','2014-09-25 15:31:05',76),(1693,'Afar','2014-09-25 15:31:05',76),(1694,'Oromia','2014-09-25 15:31:05',76),(1695,'Somali','2014-09-25 15:31:05',76),(1696,'Addis Ababa','2014-09-25 15:31:05',76),(1697,'Southern Nations','2014-09-25 15:31:06',76),(1746,'Hlavni Mesto Praha','2014-09-25 15:31:06',64),(1772,'Ahvenanmaa','2014-09-25 15:31:06',81),(1777,'Lappi','2014-09-25 15:31:06',81),(1779,'Oulu Laani','2014-09-25 15:31:06',81),(1784,'Central','2014-09-25 15:31:06',80),(1785,'Eastern','2014-09-25 15:31:06',80),(1786,'Northern','2014-09-25 15:31:06',80),(1787,'Rotuma','2014-09-25 15:31:06',80),(1788,'Western','2014-09-25 15:31:06',80),(1789,'Kosrae','2014-09-25 15:31:06',160),(1790,'Pohnpei','2014-09-25 15:31:06',160),(1791,'Chuuk','2014-09-25 15:31:06',160),(1792,'Yap','2014-09-25 15:31:06',160),(1793,'Aquitaine','2014-09-25 15:31:06',82),(1794,'Auvergne','2014-09-25 15:31:06',82),(1795,'Basse-Normandie','2014-09-25 15:31:06',82),(1796,'Bourgogne','2014-09-25 15:31:06',82),(1797,'Bretagne','2014-09-25 15:31:06',82),(1798,'Centre','2014-09-25 15:31:06',82),(1799,'Champagne-Ardenne','2014-09-25 15:31:06',82),(1800,'Corse','2014-09-25 15:31:06',82),(1801,'Franche-Comte','2014-09-25 15:31:06',82),(1802,'Haute-Normandie','2014-09-25 15:31:06',82),(1803,'Ile-De-France','2014-09-25 15:31:06',82),(1804,'Languedoc-Roussillon','2014-09-25 15:31:06',82),(1805,'Limousin','2014-09-25 15:31:06',82),(1806,'Lorraine','2014-09-25 15:31:06',82),(1807,'Midi-Pyrenees','2014-09-25 15:31:06',82),(1808,'Nord-Pas-de-Calais','2014-09-25 15:31:06',82),(1809,'Pays de la Loire','2014-09-25 15:31:06',82),(1810,'Picardie','2014-09-25 15:31:06',82),(1811,'Poitou-Charentes','2014-09-25 15:31:06',82),(1812,'Provence-Alpes-Cote d\'Azur','2014-09-25 15:31:06',82),(1813,'Rhone-Alpes','2014-09-25 15:31:06',82),(1814,'Alsace','2014-09-25 15:31:06',82),(1815,'Banjul','2014-09-25 15:31:06',88),(1816,'Lower River','2014-09-25 15:31:07',88),(1817,'MacCarthy Island','2014-09-25 15:31:07',88),(1818,'Upper River','2014-09-25 15:31:07',88),(1819,'Western','2014-09-25 15:31:07',88),(1820,'North Bank','2014-09-25 15:31:07',88),(1821,'Estuaire','2014-09-25 15:31:07',87),(1822,'Haut-Ogooue','2014-09-25 15:31:07',87),(1823,'Moyen-Ogooue','2014-09-25 15:31:07',87),(1824,'Ngounie','2014-09-25 15:31:07',87),(1825,'Nyanga','2014-09-25 15:31:07',87),(1826,'Ogooue-Ivindo','2014-09-25 15:31:07',87),(1827,'Ogooue-Lolo','2014-09-25 15:31:07',87),(1828,'Ogooue-Maritime','2014-09-25 15:31:07',87),(1829,'Woleu-Ntem','2014-09-25 15:31:07',87),(1831,'Abkhazia','2014-09-25 15:31:07',90),(1833,'Ajaria','2014-09-25 15:31:07',90),(1879,'T\'bilisi','2014-09-25 15:31:07',90),(1893,'Greater Accra','2014-09-25 15:31:07',92),(1894,'Ashanti','2014-09-25 15:31:07',92),(1895,'Brong-Ahafo','2014-09-25 15:31:07',92),(1896,'Central','2014-09-25 15:31:07',92),(1897,'Eastern','2014-09-25 15:31:07',92),(1898,'Northern','2014-09-25 15:31:07',92),(1899,'Volta','2014-09-25 15:31:07',92),(1900,'Western','2014-09-25 15:31:07',92),(1901,'Upper East','2014-09-25 15:31:07',92),(1902,'Upper West','2014-09-25 15:31:07',92),(1903,'Saint Andrew','2014-09-25 15:31:07',97),(1904,'Saint David','2014-09-25 15:31:07',97),(1905,'Saint George','2014-09-25 15:31:07',97),(1906,'Saint John','2014-09-25 15:31:07',97),(1907,'Saint Mark','2014-09-25 15:31:07',97),(1908,'Saint Patrick','2014-09-25 15:31:07',97),(1909,'Nordgronland','2014-09-25 15:31:07',96),(1910,'Ostgronland','2014-09-25 15:31:08',96),(1911,'Vestgronland','2014-09-25 15:31:08',96),(1912,'Baden-Wurttemberg','2014-09-25 15:31:08',91),(1913,'Bayern','2014-09-25 15:31:08',91),(1914,'Bremen','2014-09-25 15:31:08',91),(1915,'Hamburg','2014-09-25 15:31:08',91),(1916,'Hessen','2014-09-25 15:31:08',91),(1917,'Niedersachsen','2014-09-25 15:31:08',91),(1918,'Nordrhein-Westfalen','2014-09-25 15:31:08',91),(1919,'Rheinland-Pfalz','2014-09-25 15:31:08',91),(1920,'Saarland','2014-09-25 15:31:08',91),(1921,'Schleswig-Holstein','2014-09-25 15:31:08',91),(1922,'Brandenburg','2014-09-25 15:31:08',91),(1923,'Mecklenburg-Vorpommern','2014-09-25 15:31:08',91),(1924,'Sachsen','2014-09-25 15:31:08',91),(1925,'Sachsen-Anhalt','2014-09-25 15:31:08',91),(1926,'Thuringen','2014-09-25 15:31:08',91),(1927,'Berlin','2014-09-25 15:31:08',91),(1928,'Evros','2014-09-25 15:31:08',95),(1929,'Rodhopi','2014-09-25 15:31:08',95),(1930,'Xanthi','2014-09-25 15:31:08',95),(1931,'Drama','2014-09-25 15:31:08',95),(1932,'Serrai','2014-09-25 15:31:08',95),(1933,'Kilkis','2014-09-25 15:31:08',95),(1934,'Pella','2014-09-25 15:31:08',95),(1935,'Florina','2014-09-25 15:31:08',95),(1936,'Kastoria','2014-09-25 15:31:08',95),(1937,'Grevena','2014-09-25 15:31:08',95),(1938,'Kozani','2014-09-25 15:31:08',95),(1939,'Imathia','2014-09-25 15:31:08',95),(1940,'Thessaloniki','2014-09-25 15:31:08',95),(1941,'Kavala','2014-09-25 15:31:09',95),(1942,'Khalkidhiki','2014-09-25 15:31:09',95),(1943,'Pieria','2014-09-25 15:31:09',95),(1944,'Ioannina','2014-09-25 15:31:09',95),(1945,'Thesprotia','2014-09-25 15:31:09',95),(1946,'Preveza','2014-09-25 15:31:09',95),(1947,'Arta','2014-09-25 15:31:09',95),(1948,'Larisa','2014-09-25 15:31:09',95),(1949,'Trikala','2014-09-25 15:31:09',95),(1950,'Kardhitsa','2014-09-25 15:31:09',95),(1951,'Magnisia','2014-09-25 15:31:09',95),(1952,'Kerkira','2014-09-25 15:31:09',95),(1953,'Levkas','2014-09-25 15:31:09',95),(1954,'Kefallinia','2014-09-25 15:31:09',95),(1955,'Zakinthos','2014-09-25 15:31:09',95),(1956,'Fthiotis','2014-09-25 15:31:09',95),(1957,'Evritania','2014-09-25 15:31:09',95),(1958,'Aitolia kai Akarnania','2014-09-25 15:31:09',95),(1959,'Fokis','2014-09-25 15:31:09',95),(1960,'Voiotia','2014-09-25 15:31:09',95),(1961,'Evvoia','2014-09-25 15:31:09',95),(1962,'Attiki','2014-09-25 15:31:09',95),(1963,'Argolis','2014-09-25 15:31:09',95),(1964,'Korinthia','2014-09-25 15:31:09',95),(1965,'Akhaia','2014-09-25 15:31:09',95),(1966,'Ilia','2014-09-25 15:31:09',95),(1967,'Messinia','2014-09-25 15:31:09',95),(1968,'Arkadhia','2014-09-25 15:31:10',95),(1969,'Lakonia','2014-09-25 15:31:10',95),(1970,'Khania','2014-09-25 15:31:10',95),(1971,'Rethimni','2014-09-25 15:31:10',95),(1972,'Iraklion (Crete)','2014-09-25 15:31:10',95),(1973,'Lasithi','2014-09-25 15:31:10',95),(1974,'Dhodhekanisos','2014-09-25 15:31:10',95),(1975,'Samos','2014-09-25 15:31:10',95),(1976,'Kikladhes','2014-09-25 15:31:10',95),(1977,'Khios','2014-09-25 15:31:10',95),(1978,'Lesvos','2014-09-25 15:31:10',95),(1979,'Alta Verapaz','2014-09-25 15:31:10',100),(1980,'Baja Verapaz','2014-09-25 15:31:10',100),(1981,'Chimaltenango','2014-09-25 15:31:10',100),(1982,'Chiquimula','2014-09-25 15:31:10',100),(1983,'El Progreso','2014-09-25 15:31:10',100),(1984,'Escuintla','2014-09-25 15:31:10',100),(1985,'Guatemala','2014-09-25 15:31:10',100),(1986,'Huehuetenango','2014-09-25 15:31:10',100),(1987,'Izabal','2014-09-25 15:31:10',100),(1988,'Jalapa','2014-09-25 15:31:10',100),(1989,'Jutiapa','2014-09-25 15:31:10',100),(1990,'Peten','2014-09-25 15:31:10',100),(1991,'Quetzaltenango','2014-09-25 15:31:10',100),(1992,'Quiche','2014-09-25 15:31:10',100),(1993,'Retalhuleu','2014-09-25 15:31:10',100),(1994,'Sacatepequez','2014-09-25 15:31:10',100),(1995,'San Marcos','2014-09-25 15:31:10',100),(1996,'Santa Rosa','2014-09-25 15:31:10',100),(1997,'Solola','2014-09-25 15:31:11',100),(1998,'Suchitepequez','2014-09-25 15:31:11',100),(1999,'Totonicapan','2014-09-25 15:31:11',100),(2000,'Zacapa','2014-09-25 15:31:11',100),(2001,'Beyla','2014-09-25 15:31:11',102),(2002,'Boffa','2014-09-25 15:31:11',102),(2003,'Boke','2014-09-25 15:31:11',102),(2004,'Conakry','2014-09-25 15:31:11',102),(2005,'Dabola','2014-09-25 15:31:11',102),(2006,'Dalaba','2014-09-25 15:31:11',102),(2007,'Dinguiraye','2014-09-25 15:31:11',102),(2008,'Dubreka','2014-09-25 15:31:11',102),(2009,'Faranah','2014-09-25 15:31:11',102),(2010,'Forecariah','2014-09-25 15:31:11',102),(2011,'Fria','2014-09-25 15:31:11',102),(2012,'Gaoual','2014-09-25 15:31:11',102),(2013,'Gueckedou','2014-09-25 15:31:11',102),(2014,'Kankan','2014-09-25 15:31:11',102),(2015,'Kerouane','2014-09-25 15:31:11',102),(2016,'Kindia','2014-09-25 15:31:11',102),(2017,'Kissidougou','2014-09-25 15:31:11',102),(2018,'Koundara','2014-09-25 15:31:11',102),(2019,'Kouroussa','2014-09-25 15:31:11',102),(2020,'Labe','2014-09-25 15:31:11',102),(2021,'Macenta','2014-09-25 15:31:11',102),(2022,'Mali','2014-09-25 15:31:11',102),(2023,'Mamou','2014-09-25 15:31:12',102),(2024,'Nzerekore','2014-09-25 15:31:12',102),(2025,'Pita','2014-09-25 15:31:12',102),(2026,'Siguiri','2014-09-25 15:31:12',102),(2027,'Telimele','2014-09-25 15:31:12',102),(2028,'Tougue','2014-09-25 15:31:12',102),(2029,'Yomou','2014-09-25 15:31:12',102),(2030,'Barima-Waini','2014-09-25 15:31:12',104),(2031,'Cuyuni-Mazaruni','2014-09-25 15:31:12',104),(2032,'Demerara-Mahaica','2014-09-25 15:31:12',104),(2033,'East Berbice-Corentyne','2014-09-25 15:31:12',104),(2034,'Essequibo Islands-West Demerara','2014-09-25 15:31:12',104),(2035,'Mahaica-Berbice','2014-09-25 15:31:12',104),(2036,'Pomeroon-Supenaam','2014-09-25 15:31:12',104),(2037,'Potaro-Siparuni','2014-09-25 15:31:12',104),(2038,'Upper Demerara-Berbice','2014-09-25 15:31:12',104),(2039,'Upper Takutu-Upper Essequibo','2014-09-25 15:31:12',104),(2040,'Nord-Ouest','2014-09-25 15:31:12',105),(2041,'Artibonite','2014-09-25 15:31:12',105),(2042,'Centre','2014-09-25 15:31:12',105),(2043,'Grand\'Anse','2014-09-25 15:31:12',105),(2044,'Nord','2014-09-25 15:31:12',105),(2045,'Nord-Est','2014-09-25 15:31:12',105),(2046,'Ouest','2014-09-25 15:31:12',105),(2047,'Sud','2014-09-25 15:31:12',105),(2048,'Sud-Est','2014-09-25 15:31:13',105),(2049,'Atlantida','2014-09-25 15:31:13',108),(2050,'Choluteca','2014-09-25 15:31:13',108),(2051,'Colon','2014-09-25 15:31:13',108),(2052,'Comayagua','2014-09-25 15:31:13',108),(2053,'Copan','2014-09-25 15:31:13',108),(2054,'Cortes','2014-09-25 15:31:13',108),(2055,'El Paraiso','2014-09-25 15:31:13',108),(2056,'Francisco Morazan','2014-09-25 15:31:13',108),(2057,'Gracias a Dios','2014-09-25 15:31:13',108),(2058,'Intibuca','2014-09-25 15:31:13',108),(2059,'Islas de la Bahia','2014-09-25 15:31:13',108),(2060,'La Paz','2014-09-25 15:31:13',108),(2061,'Lempira','2014-09-25 15:31:13',108),(2062,'Ocotepeque','2014-09-25 15:31:13',108),(2063,'Olancho','2014-09-25 15:31:13',108),(2064,'Santa Barbara','2014-09-25 15:31:13',108),(2065,'Valle','2014-09-25 15:31:13',108),(2066,'Yoro','2014-09-25 15:31:13',108),(2067,'Bacs-Kiskun','2014-09-25 15:31:13',111),(2068,'Baranya','2014-09-25 15:31:13',111),(2069,'Bekes','2014-09-25 15:31:13',111),(2070,'Borsod-Abauj-Zemplen','2014-09-25 15:31:13',111),(2071,'Budapest','2014-09-25 15:31:13',111),(2072,'Csongrad','2014-09-25 15:31:14',111),(2073,'Debrecen','2014-09-25 15:31:14',111),(2074,'Fejer','2014-09-25 15:31:14',111),(2075,'Gyor-Moson-Sopron','2014-09-25 15:31:14',111),(2076,'Hajdu-Bihar','2014-09-25 15:31:14',111),(2077,'Heves','2014-09-25 15:31:14',111),(2078,'Komarom-Esztergom','2014-09-25 15:31:14',111),(2079,'Miskolc','2014-09-25 15:31:14',111),(2080,'Nograd','2014-09-25 15:31:14',111),(2081,'Pees','2014-09-25 15:31:14',111),(2082,'Pest','2014-09-25 15:31:14',111),(2083,'Somogy','2014-09-25 15:31:14',111),(2084,'Szabolcs-Szatmar-Bereg','2014-09-25 15:31:14',111),(2085,'Szeged','2014-09-25 15:31:14',111),(2086,'Jasz-Nagykun-Szolnok','2014-09-25 15:31:14',111),(2087,'Tolna','2014-09-25 15:31:14',111),(2088,'Vas','2014-09-25 15:31:14',111),(2089,'Veszprem','2014-09-25 15:31:14',111),(2090,'Zala','2014-09-25 15:31:14',111),(2091,'Gyor','2014-09-25 15:31:14',111),(2092,'Bekescsaba','2014-09-25 15:31:14',111),(2093,'Dunaujvaros','2014-09-25 15:31:14',111),(2094,'Eger','2014-09-25 15:31:15',111),(2095,'Hodmezovasarhely','2014-09-25 15:31:15',111),(2096,'Kaposvar','2014-09-25 15:31:15',111),(2097,'Kecskemet','2014-09-25 15:31:15',111),(2098,'Nagykanizsa','2014-09-25 15:31:15',111),(2099,'Nyiregyhaza','2014-09-25 15:31:15',111),(2100,'Sopron','2014-09-25 15:31:15',111),(2101,'Szekesfehervar','2014-09-25 15:31:15',111),(2102,'Szolnok','2014-09-25 15:31:15',111),(2103,'Szombathely','2014-09-25 15:31:15',111),(2104,'Tatabanya','2014-09-25 15:31:15',111),(2105,'Zalaegerszeg','2014-09-25 15:31:15',111),(2106,'Akranes','2014-09-25 15:31:15',112),(2107,'Akureyri','2014-09-25 15:31:15',112),(2108,'Arnessysla','2014-09-25 15:31:15',112),(2109,'Austur-Bardastrandarsysla','2014-09-25 15:31:15',112),(2110,'Austur-Hunavatnssysla','2014-09-25 15:31:16',112),(2111,'Austur-Skaftafellssysla','2014-09-25 15:31:16',112),(2112,'Borgarfjardarsysla','2014-09-25 15:31:16',112),(2113,'Dalasysla','2014-09-25 15:31:16',112),(2114,'Eyjafjardarsysla','2014-09-25 15:31:16',112),(2115,'Gullbringusysla','2014-09-25 15:31:16',112),(2116,'Hafnarfjordur','2014-09-25 15:31:16',112),(2117,'Husavik','2014-09-25 15:31:16',112),(2118,'Isafjordur','2014-09-25 15:31:16',112),(2119,'Keflavik','2014-09-25 15:31:16',112),(2120,'Kjosarsysla','2014-09-25 15:31:16',112),(2121,'Kopavogur','2014-09-25 15:31:16',112),(2122,'Myrasysla','2014-09-25 15:31:16',112),(2123,'Neskaupstadur','2014-09-25 15:31:16',112),(2124,'Nordur-Isafjardarsysla','2014-09-25 15:31:16',112),(2125,'Nordur-Mulasysla','2014-09-25 15:31:16',112),(2126,'Nordur-Tingeyjarsysla','2014-09-25 15:31:16',112),(2127,'Olafsfjordur','2014-09-25 15:31:16',112),(2128,'Rang·rvallasysla','2014-09-25 15:31:16',112),(2129,'Reykjavik','2014-09-25 15:31:16',112),(2130,'Saudarkrokur','2014-09-25 15:31:16',112),(2131,'Seydisfjordur','2014-09-25 15:31:16',112),(2132,'Siglufjordur','2014-09-25 15:31:16',112),(2133,'Skagafjardarsysla','2014-09-25 15:31:16',112),(2134,'Snafellsnes-og Hnappadalssysla','2014-09-25 15:31:16',112),(2135,'Strandasysla','2014-09-25 15:31:16',112),(2136,'Sudur-Mulasysla','2014-09-25 15:31:17',112),(2137,'Sudur-Tingeyjarsysla','2014-09-25 15:31:17',112),(2138,'Vestmannaeyjar','2014-09-25 15:31:17',112),(2139,'Vestur-Bardastrandarsysla','2014-09-25 15:31:17',112),(2140,'Vestur-Hunavatnssysla','2014-09-25 15:31:17',112),(2141,'Vestur-Isafjardarsysla','2014-09-25 15:31:17',112),(2142,'Vestur-Skaftafellssysla','2014-09-25 15:31:17',112),(2143,'Aceh (Atjeh)','2014-09-25 15:31:17',114),(2144,'Bengkulu','2014-09-25 15:31:17',114),(2145,'Jakarta Raya (Djakarta Raya)','2014-09-25 15:31:17',114),(2146,'Jambi (Djambi)','2014-09-25 15:31:17',114),(2147,'Jawa Barat (Djawa Barat)','2014-09-25 15:31:17',114),(2148,'Jawa Tengah (Djawa Tengah)','2014-09-25 15:31:17',114),(2149,'Jawa Timur (Djawa Timur)','2014-09-25 15:31:17',114),(2150,'Yogyakarta (Jogjakarta)','2014-09-25 15:31:17',114),(2151,'Kalimantan Barat','2014-09-25 15:31:17',114),(2152,'Kalimantan Selatan','2014-09-25 15:31:17',114),(2153,'Kalimantan Tengah','2014-09-25 15:31:17',114),(2154,'Kalimantan Timur','2014-09-25 15:31:17',114),(2155,'Lampung','2014-09-25 15:31:17',114),(2156,'Maluku','2014-09-25 15:31:17',114),(2157,'Nusa Tenggara Barat','2014-09-25 15:31:17',114),(2158,'Nusa Tenggara Timur','2014-09-25 15:31:17',114),(2159,'Riau','2014-09-25 15:31:17',114),(2160,'Sulawesi Selatan','2014-09-25 15:31:18',114),(2161,'Sulawesi Tengah','2014-09-25 15:31:18',114),(2162,'Sulawesi Tenggara','2014-09-25 15:31:18',114),(2163,'Sulawesi Utara','2014-09-25 15:31:18',114),(2164,'Sumatera Barat','2014-09-25 15:31:18',114),(2165,'Sumatera Selatan','2014-09-25 15:31:18',114),(2166,'Sumatera Utara','2014-09-25 15:31:18',114),(2168,'Andaman and Nicobar Islands','2014-09-25 15:31:18',113),(2169,'Andhra Pradesh','2014-09-25 15:31:18',113),(2170,'Assam','2014-09-25 15:31:18',113),(2171,'Bihar','2014-09-25 15:31:18',113),(2172,'Chandigarh','2014-09-25 15:31:18',113),(2173,'Dadra and Nagar Haveli','2014-09-25 15:31:18',113),(2174,'Delhi','2014-09-25 15:31:18',113),(2175,'Gujarat','2014-09-25 15:31:18',113),(2176,'Haryana','2014-09-25 15:31:18',113),(2177,'Himachal Pradesh','2014-09-25 15:31:18',113),(2178,'Jammu and Kashmir','2014-09-25 15:31:18',113),(2179,'Kerala','2014-09-25 15:31:18',113),(2180,'Lakshadweep','2014-09-25 15:31:18',113),(2181,'Madhya Pradesh','2014-09-25 15:31:18',113),(2182,'Maharashtra','2014-09-25 15:31:18',113),(2183,'Manipur','2014-09-25 15:31:18',113),(2184,'Meghalaya','2014-09-25 15:31:18',113),(2185,'Karnataka','2014-09-25 15:31:18',113),(2186,'Nagaland','2014-09-25 15:31:18',113),(2187,'Orissa','2014-09-25 15:31:19',113),(2188,'Pondicherry','2014-09-25 15:31:19',113),(2189,'Punjab','2014-09-25 15:31:19',113),(2190,'Rajasthan','2014-09-25 15:31:19',113),(2191,'Tamil Nadu','2014-09-25 15:31:19',113),(2192,'Tripura','2014-09-25 15:31:19',113),(2193,'Uttar Pradesh','2014-09-25 15:31:19',113),(2194,'West Bengal','2014-09-25 15:31:19',113),(2195,'Sikkim','2014-09-25 15:31:19',113),(2196,'Arunachal Pradesh','2014-09-25 15:31:19',113),(2197,'Mizoram','2014-09-25 15:31:19',113),(2198,'Daman and Diu','2014-09-25 15:31:19',113),(2199,'Goa','2014-09-25 15:31:19',113),(2200,'Azarbayjan-e Gharbi','2014-09-25 15:31:19',115),(2202,'Chahar Ma±all va Bakhtiari','2014-09-25 15:31:19',115),(2203,'Sistan va Baluchestan','2014-09-25 15:31:19',115),(2204,'Kohgiluyeh va Buyer Ahmad','2014-09-25 15:31:19',115),(2206,'Fars','2014-09-25 15:31:19',115),(2207,'Gilan','2014-09-25 15:31:19',115),(2208,'Hamadan','2014-09-25 15:31:19',115),(2209,'Ilam','2014-09-25 15:31:19',115),(2210,'Hormozgan','2014-09-25 15:31:19',115),(2212,'Kermanshah','2014-09-25 15:31:19',115),(2213,'Khuzestan','2014-09-25 15:31:19',115),(2214,'Kordestan','2014-09-25 15:31:19',115),(2215,'Mazandaran','2014-09-25 15:31:19',115),(2219,'Bushehr','2014-09-25 15:31:20',115),(2220,'Lorestan','2014-09-25 15:31:20',115),(2221,'Markazi','2014-09-25 15:31:20',115),(2222,'Semnan','2014-09-25 15:31:20',115),(2223,'Tehran','2014-09-25 15:31:20',115),(2224,'Zanjan','2014-09-25 15:31:20',115),(2225,'Esfahan','2014-09-25 15:31:20',115),(2226,'Kerman','2014-09-25 15:31:20',115),(2227,'Khorasan','2014-09-25 15:31:20',115),(2228,'Yazd','2014-09-25 15:31:20',115),(2229,'Ardabil','2014-09-25 15:31:20',115),(2230,'Azarbayjan-e Sharqi','2014-09-25 15:31:20',115),(2232,'HaDarom (Southern)','2014-09-25 15:31:20',118),(2233,'HaMerkaz (Central)','2014-09-25 15:31:20',118),(2234,'Haûafon  (Northern)','2014-09-25 15:31:20',118),(2235,'Híefa  (Haifa)','2014-09-25 15:31:20',118),(2236,'Tel Aviv','2014-09-25 15:31:20',118),(2237,'Yerushalayim  (Jerusalem)','2014-09-25 15:31:20',118),(2238,'Abruzzi','2014-09-25 15:31:20',119),(2239,'Basilicata','2014-09-25 15:31:20',119),(2240,'Calabria','2014-09-25 15:31:20',119),(2241,'Campania','2014-09-25 15:31:20',119),(2242,'Emilia-Romagna','2014-09-25 15:31:20',119),(2243,'Friuli-Venezia Giulia','2014-09-25 15:31:21',119),(2244,'Lazio','2014-09-25 15:31:21',119),(2245,'Liguria','2014-09-25 15:31:21',119),(2246,'Lombardia','2014-09-25 15:31:21',119),(2247,'Marche','2014-09-25 15:31:21',119),(2248,'Molise','2014-09-25 15:31:21',119),(2249,'Piemonte','2014-09-25 15:31:21',119),(2250,'Puglia','2014-09-25 15:31:21',119),(2251,'Sardegna','2014-09-25 15:31:21',119),(2252,'Sicilia','2014-09-25 15:31:21',119),(2253,'Toscana','2014-09-25 15:31:21',119),(2254,'Trentino-Alto Adige','2014-09-25 15:31:21',119),(2255,'Umbria','2014-09-25 15:31:21',119),(2256,'Valle d\'Aosta','2014-09-25 15:31:21',119),(2257,'Veneto','2014-09-25 15:31:21',119),(2259,'Dabakala','2014-09-25 15:31:21',60),(2260,'Aboisso','2014-09-25 15:31:21',60),(2261,'Adzope','2014-09-25 15:31:21',60),(2262,'Agboville','2014-09-25 15:31:21',60),(2263,'Biankouma','2014-09-25 15:31:21',60),(2264,'Bouna','2014-09-25 15:31:21',60),(2265,'Boundiali','2014-09-25 15:31:21',60),(2266,'Danane','2014-09-25 15:31:21',60),(2267,'Divo','2014-09-25 15:31:21',60),(2268,'Ferkessedougou','2014-09-25 15:31:22',60),(2269,'Gagnoa','2014-09-25 15:31:22',60),(2270,'Katiola','2014-09-25 15:31:22',60),(2271,'Korhogo','2014-09-25 15:31:22',60),(2272,'Odienne','2014-09-25 15:31:22',60),(2273,'Seguela','2014-09-25 15:31:22',60),(2274,'Touba','2014-09-25 15:31:22',60),(2275,'Bongouanou','2014-09-25 15:31:22',60),(2276,'Issia','2014-09-25 15:31:22',60),(2277,'Lakota','2014-09-25 15:31:22',60),(2278,'Mankono','2014-09-25 15:31:22',60),(2279,'Oume','2014-09-25 15:31:22',60),(2280,'Soubre','2014-09-25 15:31:22',60),(2281,'Tingrela','2014-09-25 15:31:22',60),(2282,'Zuenoula','2014-09-25 15:31:22',60),(2283,'Abidjan','2014-09-25 15:31:22',60),(2284,'Bangolo','2014-09-25 15:31:22',60),(2285,'Beoumi','2014-09-25 15:31:22',60),(2286,'Bondoukou','2014-09-25 15:31:23',60),(2287,'Bouafle','2014-09-25 15:31:23',60),(2288,'Bouake','2014-09-25 15:31:23',60),(2289,'Daloa','2014-09-25 15:31:23',60),(2290,'Daoukro','2014-09-25 15:31:23',60),(2291,'Dimbokro','2014-09-25 15:31:23',60),(2292,'Duekoue','2014-09-25 15:31:23',60),(2293,'Grand-Lahou','2014-09-25 15:31:23',60),(2294,'Guiglo','2014-09-25 15:31:23',60),(2295,'Man','2014-09-25 15:31:23',60),(2296,'Mbahiakro','2014-09-25 15:31:23',60),(2297,'Sakassou','2014-09-25 15:31:23',60),(2298,'San Pedro','2014-09-25 15:31:23',60),(2299,'Sassandra','2014-09-25 15:31:23',60),(2300,'Sinfra','2014-09-25 15:31:23',60),(2301,'Tabou','2014-09-25 15:31:24',60),(2302,'Tanda','2014-09-25 15:31:24',60),(2303,'Tiassale','2014-09-25 15:31:24',60),(2304,'Toumodi','2014-09-25 15:31:24',60),(2305,'Vavoua','2014-09-25 15:31:24',60),(2306,'Yamoussoukro','2014-09-25 15:31:24',60),(2307,'Agnilbilekrou','2014-09-25 15:31:24',60),(2308,'Al Anbar','2014-09-25 15:31:24',116),(2309,'Al Basrah','2014-09-25 15:31:24',116),(2310,'Al Muthann·','2014-09-25 15:31:24',116),(2311,'Al Qadisiyah','2014-09-25 15:31:24',116),(2312,'As Sulaymaniyah','2014-09-25 15:31:24',116),(2313,'Babil','2014-09-25 15:31:24',116),(2314,'Baghdad','2014-09-25 15:31:24',116),(2315,'Dahuk','2014-09-25 15:31:24',116),(2316,'Dhi Qar','2014-09-25 15:31:24',116),(2317,'Diyala','2014-09-25 15:31:24',116),(2318,'Arbil','2014-09-25 15:31:24',116),(2319,'Karbala\'','2014-09-25 15:31:24',116),(2320,'At Ta\'mim','2014-09-25 15:31:24',116),(2321,'Maysan','2014-09-25 15:31:24',116),(2322,'Ninawa','2014-09-25 15:31:24',116),(2323,'Wasit','2014-09-25 15:31:24',116),(2324,'An Najaf','2014-09-25 15:31:25',116),(2325,'Sñalah ad Din','2014-09-25 15:31:25',116),(2326,'Aichi','2014-09-25 15:31:25',122),(2327,'Akita','2014-09-25 15:31:25',122),(2328,'Aomori','2014-09-25 15:31:25',122),(2329,'Chiba','2014-09-25 15:31:25',122),(2330,'Ehime','2014-09-25 15:31:25',122),(2331,'Fukui','2014-09-25 15:31:25',122),(2332,'Fukuoka','2014-09-25 15:31:25',122),(2333,'Fukushima','2014-09-25 15:31:25',122),(2334,'Gifu','2014-09-25 15:31:25',122),(2335,'Gumma','2014-09-25 15:31:25',122),(2336,'Hiroshima','2014-09-25 15:31:25',122),(2337,'Hokkaido','2014-09-25 15:31:25',122),(2338,'Hyogo','2014-09-25 15:31:25',122),(2339,'Ibaraki','2014-09-25 15:31:25',122),(2340,'Ishikawa','2014-09-25 15:31:25',122),(2341,'Iwate','2014-09-25 15:31:25',122),(2342,'Kagawa','2014-09-25 15:31:25',122),(2343,'Kagoshima','2014-09-25 15:31:25',122),(2344,'Kanagawa','2014-09-25 15:31:25',122),(2345,'Kochi','2014-09-25 15:31:25',122),(2346,'Kumamoto','2014-09-25 15:31:25',122),(2347,'Kyoto','2014-09-25 15:31:26',122),(2348,'Mie','2014-09-25 15:31:26',122),(2349,'Miyagi','2014-09-25 15:31:26',122),(2350,'Miyazaki','2014-09-25 15:31:26',122),(2351,'Nagano','2014-09-25 15:31:26',122),(2352,'Nagasaki','2014-09-25 15:31:26',122),(2353,'Nara','2014-09-25 15:31:26',122),(2354,'Niigata','2014-09-25 15:31:26',122),(2355,'Oita','2014-09-25 15:31:26',122),(2356,'Okayama','2014-09-25 15:31:26',122),(2357,'Osaka','2014-09-25 15:31:26',122),(2358,'Saga','2014-09-25 15:31:26',122),(2359,'Saitama','2014-09-25 15:31:26',122),(2360,'Shiga','2014-09-25 15:31:26',122),(2361,'Shimane','2014-09-25 15:31:26',122),(2362,'Shizuoka','2014-09-25 15:31:27',122),(2363,'Tochigi','2014-09-25 15:31:27',122),(2364,'Tokushima','2014-09-25 15:31:27',122),(2365,'Tokyo','2014-09-25 15:31:27',122),(2366,'Tottori','2014-09-25 15:31:27',122),(2367,'Toyama','2014-09-25 15:31:27',122),(2368,'Wakayama','2014-09-25 15:31:27',122),(2369,'Yamagata','2014-09-25 15:31:27',122),(2370,'Yamaguchi','2014-09-25 15:31:27',122),(2371,'Yamanashi','2014-09-25 15:31:27',122),(2372,'Okinawa','2014-09-25 15:31:27',122),(2373,'Clarendon','2014-09-25 15:31:27',120),(2374,'Hanover','2014-09-25 15:31:27',120),(2375,'Manchester','2014-09-25 15:31:27',120),(2376,'Portland','2014-09-25 15:31:27',120),(2377,'Saint Andrew','2014-09-25 15:31:27',120),(2378,'Saint Ann','2014-09-25 15:31:27',120),(2379,'Saint Catherine','2014-09-25 15:31:27',120),(2380,'Saint Elizabeth','2014-09-25 15:31:27',120),(2381,'Saint James','2014-09-25 15:31:27',120),(2382,'Saint Mary','2014-09-25 15:31:27',120),(2383,'Saint Thomas','2014-09-25 15:31:27',120),(2384,'Trelawny','2014-09-25 15:31:27',120),(2385,'Westmoreland','2014-09-25 15:31:27',120),(2386,'Kingston','2014-09-25 15:31:28',120),(2387,'Al Balqa\'','2014-09-25 15:31:28',126),(2388,'Ma\'an','2014-09-25 15:31:28',126),(2389,'Al Karak','2014-09-25 15:31:28',126),(2390,'Al Mafraq','2014-09-25 15:31:28',126),(2391,'\'Amman','2014-09-25 15:31:28',126),(2392,'At Tafilah','2014-09-25 15:31:28',126),(2393,'Az Zaraq','2014-09-25 15:31:28',126),(2394,'Irbid','2014-09-25 15:31:28',126),(2395,'Central','2014-09-25 15:31:28',129),(2396,'Coast','2014-09-25 15:31:28',129),(2397,'Eastern','2014-09-25 15:31:28',129),(2398,'Nairobi Area','2014-09-25 15:31:28',129),(2399,'NorthEastern','2014-09-25 15:31:28',129),(2400,'Nyanza','2014-09-25 15:31:28',129),(2401,'Rift Valley','2014-09-25 15:31:28',129),(2402,'Western','2014-09-25 15:31:28',129),(2403,'Bishkek','2014-09-25 15:31:28',135),(2404,'Chuy','2014-09-25 15:31:28',135),(2405,'Jalal-Abad','2014-09-25 15:31:28',135),(2406,'Naryn','2014-09-25 15:31:28',135),(2407,'Osh','2014-09-25 15:31:28',135),(2408,'Talas','2014-09-25 15:31:29',135),(2409,'Ysyk-Kol','2014-09-25 15:31:29',135),(2410,'Chagang-do','2014-09-25 15:31:29',132),(2411,'Hamgyong-namdo','2014-09-25 15:31:29',132),(2412,'Hwanghae-namdo','2014-09-25 15:31:29',132),(2413,'Hwanghae-bukto','2014-09-25 15:31:29',132),(2414,'Kaesong-si','2014-09-25 15:31:29',132),(2415,'Kangwon-do','2014-09-25 15:31:29',132),(2416,'P\'yongan-namdo','2014-09-25 15:31:29',132),(2417,'P\'yongyang-si','2014-09-25 15:31:29',132),(2418,'Yanggang-do','2014-09-25 15:31:29',132),(2419,'Namp\'o-si','2014-09-25 15:31:29',132),(2420,'Hamgyong-bukto','2014-09-25 15:31:29',132),(2421,'Gilbert Islands','2014-09-25 15:31:29',131),(2422,'Line Islands','2014-09-25 15:31:29',131),(2423,'Phoenix Islands','2014-09-25 15:31:29',131),(2424,'Cheju-do','2014-09-25 15:31:29',133),(2425,'Cholla-bukto','2014-09-25 15:31:29',133),(2426,'Ch\'ungch\'ong-bukto','2014-09-25 15:31:29',133),(2427,'Kangwon-do','2014-09-25 15:31:29',133),(2428,'Kyongsang-namdo','2014-09-25 15:31:29',133),(2429,'Pusan-gwangyoksi','2014-09-25 15:31:29',133),(2430,'Soul-t\'ukpyolsi','2014-09-25 15:31:29',133),(2431,'Inch\'on-gwangyoksi','2014-09-25 15:31:29',133),(2432,'Kyonggi-do','2014-09-25 15:31:29',133),(2433,'Kyongsang-bukto','2014-09-25 15:31:29',133),(2434,'Taegu-gwangyoksi','2014-09-25 15:31:30',133),(2435,'Cholla-namdo','2014-09-25 15:31:30',133),(2436,'Ch\'ungch\'ong-namdo','2014-09-25 15:31:30',133),(2437,'Kwangju-gwangyoksi','2014-09-25 15:31:30',133),(2438,'Taejon-gwangyoksi','2014-09-25 15:31:30',133),(2439,'Al Kuwayt','2014-09-25 15:31:30',134),(2441,'Hawalli','2014-09-25 15:31:30',134),(2442,'Al Ahmadi','2014-09-25 15:31:30',134),(2443,'Al Jahra\'','2014-09-25 15:31:30',134),(2444,'Al Farwaniyah','2014-09-25 15:31:30',134),(2445,'Almaty','2014-09-25 15:31:30',128),(2446,'Aqmola','2014-09-25 15:31:30',128),(2447,'Aqtobe','2014-09-25 15:31:30',128),(2448,'Astana','2014-09-25 15:31:30',128),(2449,'Atyrau','2014-09-25 15:31:30',128),(2450,'Batys Qazaqstan','2014-09-25 15:31:30',128),(2451,'Bayqongyr','2014-09-25 15:31:30',128),(2452,'Mangghystau','2014-09-25 15:31:30',128),(2453,'Ongtustik Qazaqstan','2014-09-25 15:31:30',128),(2454,'Pavlodar','2014-09-25 15:31:30',128),(2455,'Qaraghandy','2014-09-25 15:31:30',128),(2456,'Qostanay','2014-09-25 15:31:30',128),(2457,'Qyzylorda','2014-09-25 15:31:30',128),(2458,'Shyghys Qazaqstan','2014-09-25 15:31:30',128),(2459,'Soltustik Qazaqstan','2014-09-25 15:31:30',128),(2460,'Zhambyl','2014-09-25 15:31:30',128),(2464,'Attapu','2014-09-25 15:31:30',136),(2465,'Champasak','2014-09-25 15:31:31',136),(2466,'Houaphan','2014-09-25 15:31:31',136),(2467,'Oudomxai','2014-09-25 15:31:31',136),(2468,'Xiagnabouli','2014-09-25 15:31:31',136),(2469,'Xiangkhoang','2014-09-25 15:31:31',136),(2470,'Khammouan','2014-09-25 15:31:31',136),(2471,'Louangnamtha','2014-09-25 15:31:31',136),(2472,'Louangphabang','2014-09-25 15:31:31',136),(2473,'Phongsali','2014-09-25 15:31:31',136),(2474,'Salavan','2014-09-25 15:31:31',136),(2475,'Savannakhet','2014-09-25 15:31:31',136),(2476,'Bokeo','2014-09-25 15:31:31',136),(2477,'Bolikhamxai','2014-09-25 15:31:31',136),(2478,'Viangchan','2014-09-25 15:31:31',136),(2479,'Xaisomboun','2014-09-25 15:31:31',136),(2480,'Xekong','2014-09-25 15:31:31',136),(2481,'Beqaa','2014-09-25 15:31:31',138),(2482,'Liban-Sud','2014-09-25 15:31:31',138),(2483,'Liban-Nord','2014-09-25 15:31:31',138),(2484,'Beyrouth','2014-09-25 15:31:31',138),(2485,'Mont-Liban','2014-09-25 15:31:31',138),(2486,'Aizjrayjkes Rajons','2014-09-25 15:31:31',137),(2487,'Aluksnes Rajons','2014-09-25 15:31:31',137),(2488,'Balvu Rajons','2014-09-25 15:31:31',137),(2489,'Bauskas Rajons','2014-09-25 15:31:31',137),(2490,'Cesu Rajons','2014-09-25 15:31:31',137),(2491,'Daugavpils','2014-09-25 15:31:31',137),(2492,'Daugavpils Rajons','2014-09-25 15:31:31',137),(2493,'Dobeles Rajons','2014-09-25 15:31:32',137),(2494,'Gulbenes Rajons','2014-09-25 15:31:32',137),(2495,'Jekabpils Rajons','2014-09-25 15:31:32',137),(2496,'Jelgava','2014-09-25 15:31:32',137),(2497,'Jelgavas Rajons','2014-09-25 15:31:32',137),(2498,'Jurmala','2014-09-25 15:31:32',137),(2499,'Kraslavas Rajons','2014-09-25 15:31:32',137),(2500,'Kuldigas Rajons','2014-09-25 15:31:32',137),(2501,'Liepaja','2014-09-25 15:31:32',137),(2502,'Liepajas Rajons','2014-09-25 15:31:32',137),(2503,'Limbazu Rajons','2014-09-25 15:31:32',137),(2504,'Ludzas Rajons','2014-09-25 15:31:32',137),(2505,'Madonas Rajons','2014-09-25 15:31:32',137),(2506,'Ogres Rajons','2014-09-25 15:31:32',137),(2507,'Preiju Rajons','2014-09-25 15:31:32',137),(2508,'Rezekne','2014-09-25 15:31:32',137),(2509,'Rezeknes Rajons','2014-09-25 15:31:32',137),(2510,'Riga','2014-09-25 15:31:32',137),(2511,'Rigas Rajons','2014-09-25 15:31:32',137),(2512,'Saldus Rajons','2014-09-25 15:31:32',137),(2513,'Talsu Rajons','2014-09-25 15:31:32',137),(2514,'Tukuma Rajons','2014-09-25 15:31:32',137),(2515,'Valkas Rajons','2014-09-25 15:31:32',137),(2516,'Valmieras Rajons','2014-09-25 15:31:32',137),(2517,'Ventspils','2014-09-25 15:31:32',137),(2518,'Ventspils Rajons','2014-09-25 15:31:32',137),(2521,'Alytaus Apskritis','2014-09-25 15:31:32',143),(2531,'Kauno Apskritis','2014-09-25 15:31:33',143),(2535,'Klaipedos Apskritis','2014-09-25 15:31:33',143),(2540,'Marijampoles Apskritis','2014-09-25 15:31:33',143),(2548,'Panevezio Apskritis','2014-09-25 15:31:33',143),(2557,'Siauliu Apskritis','2014-09-25 15:31:33',143),(2564,'Taurages Apskritis','2014-09-25 15:31:33',143),(2565,'Telsiu Apskritis','2014-09-25 15:31:33',143),(2568,'Utenos Apskritis','2014-09-25 15:31:33',143),(2572,'Vilniaus Apskritis','2014-09-25 15:31:33',143),(2574,'Bong','2014-09-25 15:31:33',140),(2575,'Grand Gedeh','2014-09-25 15:31:33',140),(2576,'Lofa','2014-09-25 15:31:33',140),(2578,'Nimba','2014-09-25 15:31:33',140),(2579,'Sinoe','2014-09-25 15:31:33',140),(2580,'Grand Bassa','2014-09-25 15:31:33',140),(2581,'Grand Cape Mount','2014-09-25 15:31:33',140),(2582,'Maryland','2014-09-25 15:31:33',140),(2583,'Montserrado','2014-09-25 15:31:33',140),(2584,'Bomi','2014-09-25 15:31:33',140),(2585,'Grand Kru','2014-09-25 15:31:33',140),(2586,'Margibi','2014-09-25 15:31:33',140),(2587,'River Cess','2014-09-25 15:31:33',140),(2588,'Banskobystricky','2014-09-25 15:31:33',220),(2589,'Bratislavsky','2014-09-25 15:31:33',220),(2590,'Kosicky','2014-09-25 15:31:33',220),(2591,'Nitrinsky','2014-09-25 15:31:33',220),(2592,'Presovsky','2014-09-25 15:31:33',220),(2593,'Treciansky','2014-09-25 15:31:34',220),(2594,'Trnavsky','2014-09-25 15:31:34',220),(2595,'Zilinsky','2014-09-25 15:31:34',220),(2596,'Balzers','2014-09-25 15:31:34',142),(2597,'Eschen','2014-09-25 15:31:34',142),(2598,'Gamprin','2014-09-25 15:31:34',142),(2599,'Mauren','2014-09-25 15:31:34',142),(2600,'Planken','2014-09-25 15:31:34',142),(2601,'Ruggell','2014-09-25 15:31:34',142),(2602,'Schaan','2014-09-25 15:31:34',142),(2603,'Schellenberg','2014-09-25 15:31:34',142),(2604,'Triesen','2014-09-25 15:31:34',142),(2605,'Triesenberg','2014-09-25 15:31:34',142),(2606,'Vaduz','2014-09-25 15:31:34',142),(2613,'Berea','2014-09-25 15:31:34',139),(2614,'Butha-Buthe','2014-09-25 15:31:34',139),(2615,'Leribe','2014-09-25 15:31:34',139),(2616,'Mafeteng','2014-09-25 15:31:34',139),(2617,'Maseru','2014-09-25 15:31:34',139),(2618,'Mohale\'s Hoek','2014-09-25 15:31:34',139),(2619,'Mokhotlong','2014-09-25 15:31:34',139),(2620,'Qacha\'s Hoek','2014-09-25 15:31:34',139),(2621,'Quthing','2014-09-25 15:31:34',139),(2622,'Thaba-Tseka','2014-09-25 15:31:34',139),(2623,'Diekirch','2014-09-25 15:31:34',144),(2624,'Grevenmacher','2014-09-25 15:31:34',144),(2625,'Luxembourg','2014-09-25 15:31:34',144),(2627,'Al \'Aziziyah','2014-09-25 15:31:35',141),(2629,'Al Jufrah','2014-09-25 15:31:35',141),(2631,'Al Kufrah','2014-09-25 15:31:35',141),(2636,'Ash Shati\'','2014-09-25 15:31:35',141),(2646,'Murzuq','2014-09-25 15:31:35',141),(2650,'Sabha','2014-09-25 15:31:35',141),(2655,'Tarhunah','2014-09-25 15:31:35',141),(2656,'Töubruq','2014-09-25 15:31:35',141),(2658,'Zlitan','2014-09-25 15:31:35',141),(2660,'Ajdabiya','2014-09-25 15:31:35',141),(2661,'Al Fatih','2014-09-25 15:31:35',141),(2662,'Al Jabal al Akhdar','2014-09-25 15:31:35',141),(2663,'Al Khums','2014-09-25 15:31:35',141),(2664,'An Nuqat al Khams','2014-09-25 15:31:35',141),(2665,'Awbari','2014-09-25 15:31:35',141),(2666,'Az Zawiyah','2014-09-25 15:31:35',141),(2667,'Banghazi','2014-09-25 15:31:35',141),(2668,'Darnah','2014-09-25 15:31:35',141),(2669,'Ghadamis','2014-09-25 15:31:35',141),(2670,'Gharyan','2014-09-25 15:31:35',141),(2671,'Misratah','2014-09-25 15:31:35',141),(2672,'Sawfajjin','2014-09-25 15:31:35',141),(2673,'Surt','2014-09-25 15:31:35',141),(2674,'Tarabulus','2014-09-25 15:31:35',141),(2675,'Yafran','2014-09-25 15:31:35',141),(2676,'Antsiranana','2014-09-25 15:31:36',147),(2677,'Fianarantsoa','2014-09-25 15:31:36',147),(2678,'Mahajanga','2014-09-25 15:31:36',147),(2679,'Toamasina','2014-09-25 15:31:36',147),(2680,'Antananarivo','2014-09-25 15:31:36',147),(2681,'Toliara','2014-09-25 15:31:36',147),(2682,'Ilhas','2014-09-25 15:31:36',145),(2683,'Macau','2014-09-25 15:31:36',145),(2685,'Balti','2014-09-25 15:31:36',163),(2689,'Cahul','2014-09-25 15:31:36',163),(2696,'Chisinau','2014-09-25 15:31:36',163),(2702,'Stinga Nistrului','2014-09-25 15:31:36',163),(2703,'Edinet','2014-09-25 15:31:36',163),(2706,'Gagauzia','2014-09-25 15:31:36',163),(2714,'Orhei','2014-09-25 15:31:36',163),(2721,'Soroca','2014-09-25 15:31:36',163),(2727,'Ungheni','2014-09-25 15:31:36',163),(2729,'Arhangay','2014-09-25 15:31:36',165),(2730,'Bayanhongor','2014-09-25 15:31:36',165),(2731,'Bayan-Olgiy','2014-09-25 15:31:36',165),(2734,'Dornogovi','2014-09-25 15:31:36',165),(2735,'Dundgovi','2014-09-25 15:31:36',165),(2736,'Dzavhan','2014-09-25 15:31:36',165),(2737,'Govi-Altay','2014-09-25 15:31:36',165),(2738,'Hentiy','2014-09-25 15:31:36',165),(2739,'Omnogovi','2014-09-25 15:31:36',165),(2740,'Ovorhangay','2014-09-25 15:31:36',165),(2741,'Ulaanbaatar','2014-09-25 15:31:36',165),(2742,'Orhon','2014-09-25 15:31:36',165),(2743,'Saint Anthony','2014-09-25 15:31:36',167),(2744,'Saint Georges','2014-09-25 15:31:37',167),(2745,'Saint Peter','2014-09-25 15:31:37',167),(2746,'Chikwawa','2014-09-25 15:31:37',148),(2747,'Chiradzulu','2014-09-25 15:31:37',148),(2748,'Chitipa','2014-09-25 15:31:37',148),(2749,'Thyolo','2014-09-25 15:31:37',148),(2750,'Dedza','2014-09-25 15:31:37',148),(2751,'Dowa','2014-09-25 15:31:37',148),(2752,'Karonga','2014-09-25 15:31:37',148),(2753,'Kasungu','2014-09-25 15:31:37',148),(2754,'Machinga (Kasupe)','2014-09-25 15:31:37',148),(2755,'Lilongwe','2014-09-25 15:31:37',148),(2756,'Mangochi (Fort Johnston)','2014-09-25 15:31:37',148),(2757,'Mchinji','2014-09-25 15:31:37',148),(2758,'Mulanje (Mlange)','2014-09-25 15:31:37',148),(2759,'Mzimba','2014-09-25 15:31:37',148),(2760,'Ntcheu','2014-09-25 15:31:37',148),(2761,'Nkhata Bay','2014-09-25 15:31:37',148),(2762,'Nkhotakota','2014-09-25 15:31:37',148),(2763,'Nsanje','2014-09-25 15:31:37',148),(2764,'Ntchisi (Nchisi)','2014-09-25 15:31:37',148),(2765,'Rumphi (Rumpil)','2014-09-25 15:31:37',148),(2766,'Salima','2014-09-25 15:31:37',148),(2767,'Zomba','2014-09-25 15:31:37',148),(2768,'Blantyre','2014-09-25 15:31:37',148),(2769,'Mwanza','2014-09-25 15:31:37',148),(2770,'Bamako','2014-09-25 15:31:37',151),(2771,'Gao','2014-09-25 15:31:37',151),(2772,'Kayes','2014-09-25 15:31:37',151),(2773,'Mopti','2014-09-25 15:31:37',151),(2774,'Segou','2014-09-25 15:31:38',151),(2775,'Sikasso','2014-09-25 15:31:38',151),(2776,'Koulikoro','2014-09-25 15:31:38',151),(2777,'Tombouctou','2014-09-25 15:31:38',151),(2781,'Agadir','2014-09-25 15:31:38',168),(2782,'Al HoceÔma','2014-09-25 15:31:38',168),(2783,'Azilal','2014-09-25 15:31:38',168),(2784,'Ben Slimane','2014-09-25 15:31:38',168),(2785,'Beni Mellal','2014-09-25 15:31:38',168),(2786,'Boulemane','2014-09-25 15:31:38',168),(2787,'Casablanca','2014-09-25 15:31:38',168),(2788,'Chaouen','2014-09-25 15:31:38',168),(2789,'El Jadida','2014-09-25 15:31:38',168),(2790,'El Kelaa des Sraghna','2014-09-25 15:31:38',168),(2791,'Er Rachidia','2014-09-25 15:31:38',168),(2792,'Essaouira','2014-09-25 15:31:38',168),(2793,'Fes','2014-09-25 15:31:38',168),(2794,'Figuig','2014-09-25 15:31:38',168),(2795,'Kenitra','2014-09-25 15:31:38',168),(2796,'Khemisset','2014-09-25 15:31:38',168),(2797,'Khenifra','2014-09-25 15:31:38',168),(2798,'Khouribga','2014-09-25 15:31:38',168),(2799,'Marrakech','2014-09-25 15:31:38',168),(2800,'Meknes','2014-09-25 15:31:38',168),(2801,'Nador','2014-09-25 15:31:38',168),(2802,'Ouarzazate','2014-09-25 15:31:38',168),(2803,'Oujda','2014-09-25 15:31:38',168),(2804,'Rabat-Sale','2014-09-25 15:31:38',168),(2805,'Safi','2014-09-25 15:31:38',168),(2806,'Settat','2014-09-25 15:31:39',168),(2807,'Tanger','2014-09-25 15:31:39',168),(2808,'Tata','2014-09-25 15:31:39',168),(2809,'Taza','2014-09-25 15:31:39',168),(2810,'Tiznit','2014-09-25 15:31:39',168),(2811,'Guelmim','2014-09-25 15:31:39',168),(2812,'Ifrane','2014-09-25 15:31:39',168),(2813,'Laayoune','2014-09-25 15:31:39',168),(2814,'Tan-Tan','2014-09-25 15:31:39',168),(2815,'Taounate','2014-09-25 15:31:39',168),(2816,'Sidi Kacem','2014-09-25 15:31:39',168),(2817,'Taroudannt','2014-09-25 15:31:39',168),(2818,'Tetouan','2014-09-25 15:31:39',168),(2819,'Larache','2014-09-25 15:31:39',168),(2820,'Assa-Zag','2014-09-25 15:31:39',168),(2821,'Es Smara','2014-09-25 15:31:39',168),(2822,'Black River','2014-09-25 15:31:39',157),(2823,'Flacq','2014-09-25 15:31:39',157),(2824,'Grand Port','2014-09-25 15:31:39',157),(2825,'Moka','2014-09-25 15:31:39',157),(2826,'Pamplemousses','2014-09-25 15:31:39',157),(2827,'Plaines Wilhems','2014-09-25 15:31:39',157),(2828,'Port Louis','2014-09-25 15:31:39',157),(2829,'RiviËre du Rempart','2014-09-25 15:31:39',157),(2830,'Savanne','2014-09-25 15:31:39',157),(2831,'Agalega Islands','2014-09-25 15:31:40',157),(2832,'Cargados Carajos','2014-09-25 15:31:40',157),(2833,'Rodrigues','2014-09-25 15:31:40',157),(2834,'Hodh Ech Chargui','2014-09-25 15:31:40',156),(2835,'Hodh El Gharbi','2014-09-25 15:31:40',156),(2836,'Assaba','2014-09-25 15:31:40',156),(2837,'Gorgol','2014-09-25 15:31:40',156),(2838,'Brakna','2014-09-25 15:31:40',156),(2839,'Trarza','2014-09-25 15:31:40',156),(2840,'Adrar','2014-09-25 15:31:40',156),(2841,'Dakhlet Nouadhibou','2014-09-25 15:31:40',156),(2842,'Tagant','2014-09-25 15:31:40',156),(2843,'Guidimaka','2014-09-25 15:31:40',156),(2844,'Tiris Zemmour','2014-09-25 15:31:40',156),(2845,'Inchiri','2014-09-25 15:31:40',156),(2846,'Ad Dakhiliyah','2014-09-25 15:31:40',186),(2847,'Al Batinah','2014-09-25 15:31:40',186),(2848,'Al Wusta','2014-09-25 15:31:40',186),(2849,'Ash Sharqiyah','2014-09-25 15:31:40',186),(2850,'Az Zahirah','2014-09-25 15:31:40',186),(2851,'Masqat','2014-09-25 15:31:40',186),(2852,'Musandam','2014-09-25 15:31:40',186),(2853,'Zufar','2014-09-25 15:31:40',186),(2854,'Seenu','2014-09-25 15:31:40',150),(2858,'Laamu','2014-09-25 15:31:40',150),(2860,'Thaa','2014-09-25 15:31:40',150),(2862,'Raa','2014-09-25 15:31:40',150),(2865,'Baa','2014-09-25 15:31:40',150),(2867,'Shaviyani','2014-09-25 15:31:40',150),(2868,'Noonu','2014-09-25 15:31:40',150),(2869,'Kaafu','2014-09-25 15:31:40',150),(2873,'Alifu','2014-09-25 15:31:40',150),(2874,'Dhaalu','2014-09-25 15:31:41',150),(2875,'Faafa','2014-09-25 15:31:41',150),(2876,'Gaafu Alifu','2014-09-25 15:31:41',150),(2877,'Gaafu Dhaalu','2014-09-25 15:31:41',150),(2878,'Haa Alifu','2014-09-25 15:31:41',150),(2879,'Haa Dhaalu','2014-09-25 15:31:41',150),(2880,'Lhaviyani','2014-09-25 15:31:41',150),(2881,'Maale','2014-09-25 15:31:41',150),(2882,'Meenu','2014-09-25 15:31:41',150),(2883,'Gnaviyani','2014-09-25 15:31:41',150),(2884,'Vaavu','2014-09-25 15:31:41',150),(2885,'Aguascalientes','2014-09-25 15:31:41',159),(2886,'Campeche','2014-09-25 15:31:41',159),(2887,'Coahuila de Zaragoza','2014-09-25 15:31:41',159),(2888,'Distrito Federal','2014-09-25 15:31:41',159),(2889,'Mexico','2014-09-25 15:31:41',159),(2890,'Michoacan de Ocampo','2014-09-25 15:31:41',159),(2891,'Nayarit','2014-09-25 15:31:41',159),(2892,'Puebla','2014-09-25 15:31:41',159),(2893,'Queretaro de Arteaga','2014-09-25 15:31:41',159),(2894,'Sinaloa','2014-09-25 15:31:41',159),(2895,'Veracruz-Llave','2014-09-25 15:31:41',159),(2896,'Yucatan','2014-09-25 15:31:41',159),(2897,'Johor','2014-09-25 15:31:41',149),(2898,'Kedah','2014-09-25 15:31:42',149),(2899,'Kelantan','2014-09-25 15:31:42',149),(2900,'Melaka','2014-09-25 15:31:42',149),(2901,'Negeri Sembilan','2014-09-25 15:31:42',149),(2902,'Pahang','2014-09-25 15:31:42',149),(2903,'Perak','2014-09-25 15:31:42',149),(2904,'Perlis','2014-09-25 15:31:42',149),(2905,'Pulau Pinang','2014-09-25 15:31:42',149),(2906,'Sarawak','2014-09-25 15:31:42',149),(2907,'Selangor','2014-09-25 15:31:42',149),(2908,'Terengganu','2014-09-25 15:31:42',149),(2909,'Wilayah Persekutuan','2014-09-25 15:31:42',149),(2910,'Labuan','2014-09-25 15:31:42',149),(2911,'Sabah','2014-09-25 15:31:42',149),(2912,'Cabo Delgado','2014-09-25 15:31:42',169),(2913,'Gaza','2014-09-25 15:31:42',169),(2914,'Inhambane','2014-09-25 15:31:42',169),(2915,'Maputo','2014-09-25 15:31:42',169),(2916,'Sofala','2014-09-25 15:31:42',169),(2917,'Nampula','2014-09-25 15:31:42',169),(2918,'Niassa','2014-09-25 15:31:42',169),(2919,'Tete','2014-09-25 15:31:42',169),(2920,'Zambezia','2014-09-25 15:31:42',169),(2921,'Manica','2014-09-25 15:31:42',169),(2922,'Agadez','2014-09-25 15:31:42',180),(2923,'Diffa','2014-09-25 15:31:42',180),(2924,'Dosso','2014-09-25 15:31:42',180),(2925,'Maradi','2014-09-25 15:31:42',180),(2926,'Niamey','2014-09-25 15:31:42',180),(2927,'Tahoua','2014-09-25 15:31:42',180),(2928,'Zinder','2014-09-25 15:31:42',180),(2929,'Tillaberi','2014-09-25 15:31:42',180),(2931,'Aoba//Maewo','2014-09-25 15:31:43',258),(2932,'Torba','2014-09-25 15:31:43',258),(2938,'Sanma','2014-09-25 15:31:43',258),(2940,'Tafea','2014-09-25 15:31:43',258),(2941,'Lagos','2014-09-25 15:31:43',181),(2942,'Bauchi','2014-09-25 15:31:43',181),(2943,'Rivers','2014-09-25 15:31:43',181),(2944,'Abuja Capital Territory','2014-09-25 15:31:43',181),(2946,'Ogun','2014-09-25 15:31:43',181),(2947,'Ondo','2014-09-25 15:31:43',181),(2949,'Plateau','2014-09-25 15:31:43',181),(2951,'Akwa Ibom','2014-09-25 15:31:43',181),(2952,'Cross River','2014-09-25 15:31:43',181),(2953,'Kaduna','2014-09-25 15:31:43',181),(2955,'Anambra','2014-09-25 15:31:43',181),(2956,'Benue','2014-09-25 15:31:43',181),(2957,'Borno','2014-09-25 15:31:43',181),(2959,'Kano','2014-09-25 15:31:43',181),(2960,'Kwara','2014-09-25 15:31:43',181),(2961,'Niger','2014-09-25 15:31:43',181),(2962,'Oyo','2014-09-25 15:31:43',181),(2963,'Sokoto','2014-09-25 15:31:43',181),(2964,'Abia','2014-09-25 15:31:43',181),(2965,'Adamawa','2014-09-25 15:31:43',181),(2966,'Delta','2014-09-25 15:31:43',181),(2967,'Edo','2014-09-25 15:31:43',181),(2968,'Enugu','2014-09-25 15:31:43',181),(2969,'Jigawa','2014-09-25 15:31:44',181),(2970,'Kebbi','2014-09-25 15:31:44',181),(2971,'Kogi','2014-09-25 15:31:44',181),(2972,'Osun','2014-09-25 15:31:44',181),(2973,'Taraba','2014-09-25 15:31:44',181),(2974,'Yobe','2014-09-25 15:31:44',181),(2975,'Drenthe','2014-09-25 15:31:44',175),(2976,'Friesland','2014-09-25 15:31:44',175),(2977,'Gelderland','2014-09-25 15:31:44',175),(2978,'Groningen','2014-09-25 15:31:44',175),(2979,'Limburg','2014-09-25 15:31:44',175),(2980,'Noord-Brabant','2014-09-25 15:31:44',175),(2981,'Noord-Holland','2014-09-25 15:31:45',175),(2982,'Overijssel','2014-09-25 15:31:45',175),(2983,'Utrecht','2014-09-25 15:31:45',175),(2984,'Zeeland','2014-09-25 15:31:45',175),(2985,'Zuid-Holland','2014-09-25 15:31:45',175),(2989,'Flevoland','2014-09-25 15:31:45',175),(2990,'Akershus','2014-09-25 15:31:45',185),(2991,'Aust-Agder','2014-09-25 15:31:45',185),(2992,'Buskerud','2014-09-25 15:31:45',185),(2993,'Finnmark','2014-09-25 15:31:45',185),(2994,'Hedmark','2014-09-25 15:31:45',185),(2995,'Hordaland','2014-09-25 15:31:45',185),(2996,'More og Romsdal','2014-09-25 15:31:45',185),(2997,'Nordland','2014-09-25 15:31:45',185),(2998,'Nord-Trondelag','2014-09-25 15:31:45',185),(2999,'Oppland','2014-09-25 15:31:45',185),(3000,'Oslo','2014-09-25 15:31:45',185),(3001,'ÿstfold','2014-09-25 15:31:45',185),(3002,'Rogaland','2014-09-25 15:31:45',185),(3003,'Sogn og Fjordane','2014-09-25 15:31:45',185),(3004,'Sor-Trondelag','2014-09-25 15:31:45',185),(3005,'Telemark','2014-09-25 15:31:45',185),(3006,'Troms','2014-09-25 15:31:45',185),(3007,'Vest-Agder','2014-09-25 15:31:45',185),(3008,'Vestfold','2014-09-25 15:31:45',185),(3009,'Bagmati','2014-09-25 15:31:45',174),(3010,'Bheri','2014-09-25 15:31:45',174),(3011,'Dhawalagiri','2014-09-25 15:31:46',174),(3012,'Gandaki','2014-09-25 15:31:46',174),(3013,'Janakpur','2014-09-25 15:31:46',174),(3014,'Karnali','2014-09-25 15:31:46',174),(3015,'Kosi','2014-09-25 15:31:46',174),(3016,'Lumbini','2014-09-25 15:31:46',174),(3017,'Mahakali','2014-09-25 15:31:46',174),(3018,'Mechi','2014-09-25 15:31:46',174),(3019,'Narayani','2014-09-25 15:31:46',174),(3020,'Rapti','2014-09-25 15:31:46',174),(3021,'Sagarmatha','2014-09-25 15:31:46',174),(3022,'Seti','2014-09-25 15:31:46',174),(3023,'Aiwo','2014-09-25 15:31:46',172),(3024,'Anabar','2014-09-25 15:31:46',172),(3025,'Anetan','2014-09-25 15:31:46',172),(3026,'Anibare','2014-09-25 15:31:46',172),(3027,'Baiti','2014-09-25 15:31:46',172),(3028,'Boe','2014-09-25 15:31:46',172),(3029,'Buada','2014-09-25 15:31:46',172),(3030,'Denigomodu','2014-09-25 15:31:46',172),(3031,'Ewa','2014-09-25 15:31:46',172),(3032,'Ijuw','2014-09-25 15:31:46',172),(3033,'Meneng','2014-09-25 15:31:46',172),(3034,'Nibok','2014-09-25 15:31:46',172),(3035,'Uaboe','2014-09-25 15:31:46',172),(3036,'Yaren','2014-09-25 15:31:46',172),(3037,'Brokopondo','2014-09-25 15:31:46',230),(3038,'Commewijne','2014-09-25 15:31:46',230),(3039,'Coronie','2014-09-25 15:31:46',230),(3040,'Marowijne','2014-09-25 15:31:47',230),(3041,'Nickerie','2014-09-25 15:31:47',230),(3042,'Para','2014-09-25 15:31:47',230),(3043,'Paramaribo','2014-09-25 15:31:47',230),(3044,'Saramacca','2014-09-25 15:31:47',230),(3045,'Sipaliwini','2014-09-25 15:31:47',230),(3046,'Wanica','2014-09-25 15:31:47',230),(3047,'Boaco','2014-09-25 15:31:47',179),(3048,'Carazo','2014-09-25 15:31:47',179),(3049,'Chinandega','2014-09-25 15:31:47',179),(3050,'Chontales','2014-09-25 15:31:47',179),(3051,'Esteli','2014-09-25 15:31:47',179),(3052,'Granada','2014-09-25 15:31:47',179),(3053,'Jinotega','2014-09-25 15:31:47',179),(3054,'Leon','2014-09-25 15:31:47',179),(3055,'Madriz','2014-09-25 15:31:47',179),(3056,'Managua','2014-09-25 15:31:47',179),(3057,'Masaya','2014-09-25 15:31:47',179),(3058,'Matagalpa','2014-09-25 15:31:47',179),(3059,'Nueva Segovia','2014-09-25 15:31:47',179),(3060,'Rio San Juan','2014-09-25 15:31:48',179),(3061,'Rivas','2014-09-25 15:31:48',179),(3063,'Atlantico Norte','2014-09-25 15:31:48',179),(3064,'Atlantico Sur','2014-09-25 15:31:48',179),(3089,'Hawke\'s Bay','2014-09-25 15:31:48',178),(3106,'Marlborough','2014-09-25 15:31:48',178),(3126,'Southland','2014-09-25 15:31:48',178),(3129,'Taranaki','2014-09-25 15:31:48',178),(3137,'Waikato','2014-09-25 15:31:48',178),(3170,'Alto Parana','2014-09-25 15:31:48',193),(3171,'Amambay','2014-09-25 15:31:48',193),(3172,'Caaguazu','2014-09-25 15:31:48',193),(3173,'Caazapa','2014-09-25 15:31:48',193),(3174,'Central','2014-09-25 15:31:48',193),(3175,'Concepcion','2014-09-25 15:31:48',193),(3176,'Cordillera','2014-09-25 15:31:48',193),(3177,'Guaira','2014-09-25 15:31:48',193),(3178,'Itapua','2014-09-25 15:31:48',193),(3179,'Misiones','2014-09-25 15:31:49',193),(3180,'Neembucu','2014-09-25 15:31:49',193),(3181,'Paraguari','2014-09-25 15:31:49',193),(3182,'Presidente Hayes','2014-09-25 15:31:49',193),(3183,'San Pedro','2014-09-25 15:31:49',193),(3184,'Canindeyu','2014-09-25 15:31:49',193),(3185,'Asuncion','2014-09-25 15:31:49',193),(3186,'Alto Paraguay','2014-09-25 15:31:49',193),(3187,'Boqueron','2014-09-25 15:31:49',193),(3188,'Amazonas','2014-09-25 15:31:49',194),(3189,'Ancash','2014-09-25 15:31:49',194),(3190,'Apurimac','2014-09-25 15:31:49',194),(3191,'Arequipa','2014-09-25 15:31:49',194),(3192,'Ayacucho','2014-09-25 15:31:49',194),(3193,'Cajamarca','2014-09-25 15:31:49',194),(3194,'Callao','2014-09-25 15:31:49',194),(3195,'Cusco','2014-09-25 15:31:49',194),(3196,'Huancavelica','2014-09-25 15:31:49',194),(3197,'Huanuco','2014-09-25 15:31:49',194),(3198,'Ica','2014-09-25 15:31:49',194),(3199,'Junin','2014-09-25 15:31:49',194),(3200,'La Libertad','2014-09-25 15:31:49',194),(3201,'Lambayeque','2014-09-25 15:31:49',194),(3202,'Lima','2014-09-25 15:31:49',194),(3203,'Loreto','2014-09-25 15:31:49',194),(3204,'Madre de Dios','2014-09-25 15:31:49',194),(3205,'Moquegua','2014-09-25 15:31:50',194),(3206,'Pasco','2014-09-25 15:31:50',194),(3207,'Piura','2014-09-25 15:31:50',194),(3208,'Puno','2014-09-25 15:31:50',194),(3209,'San Martin','2014-09-25 15:31:50',194),(3210,'Tacna','2014-09-25 15:31:50',194),(3211,'Tumbes','2014-09-25 15:31:50',194),(3212,'Ucayali','2014-09-25 15:31:50',194),(3216,'Federally Administered Tribal Areas','2014-09-25 15:31:50',187),(3217,'Balochistan','2014-09-25 15:31:50',187),(3218,'North-West Frontier','2014-09-25 15:31:50',187),(3219,'Punjab','2014-09-25 15:31:50',187),(3220,'Sindh','2014-09-25 15:31:50',187),(3221,'Azad Kashmir','2014-09-25 15:31:50',187),(3222,'Northern Areas','2014-09-25 15:31:50',187),(3223,'Islamabad','2014-09-25 15:31:50',187),(3274,'Dolnoslaskie','2014-09-25 15:31:50',197),(3275,'Kujawsko-Pomorskie','2014-09-25 15:31:50',197),(3276,'Lodzkie','2014-09-25 15:31:50',197),(3277,'Lubelskie','2014-09-25 15:31:50',197),(3278,'Lubuskie','2014-09-25 15:31:50',197),(3279,'Malopolskie','2014-09-25 15:31:50',197),(3280,'Mazowieckie','2014-09-25 15:31:50',197),(3281,'Opolskie','2014-09-25 15:31:50',197),(3282,'Podkarpackie','2014-09-25 15:31:50',197),(3283,'Podlaskie','2014-09-25 15:31:50',197),(3284,'Pomorskie','2014-09-25 15:31:50',197),(3285,'Slaskie','2014-09-25 15:31:50',197),(3286,'Swietokrzyskie','2014-09-25 15:31:50',197),(3287,'Warminsko-Mazurskie','2014-09-25 15:31:51',197),(3288,'Wielkopolskie','2014-09-25 15:31:51',197),(3289,'Zachodniopomorskie','2014-09-25 15:31:51',197),(3290,'Bocas del Toro','2014-09-25 15:31:51',190),(3291,'Chiriqui','2014-09-25 15:31:51',190),(3292,'Cocle','2014-09-25 15:31:51',190),(3293,'Colon','2014-09-25 15:31:51',190),(3294,'Darien','2014-09-25 15:31:51',190),(3295,'Herrera','2014-09-25 15:31:51',190),(3296,'Los Santos','2014-09-25 15:31:51',190),(3297,'Panama','2014-09-25 15:31:51',190),(3298,'San Blas','2014-09-25 15:31:51',190),(3299,'Veraguas','2014-09-25 15:31:51',190),(3300,'Aveiro','2014-09-25 15:31:51',198),(3301,'Beja','2014-09-25 15:31:51',198),(3302,'Braga','2014-09-25 15:31:51',198),(3303,'Braganca','2014-09-25 15:31:51',198),(3304,'Castelo Branco','2014-09-25 15:31:51',198),(3305,'Coimbra','2014-09-25 15:31:51',198),(3306,'Evora','2014-09-25 15:31:51',198),(3307,'Faro','2014-09-25 15:31:51',198),(3308,'Madeira','2014-09-25 15:31:51',198),(3309,'Guarda','2014-09-25 15:31:51',198),(3310,'Leiria','2014-09-25 15:31:51',198),(3311,'Lisboa','2014-09-25 15:31:51',198),(3312,'Portalegre','2014-09-25 15:31:51',198),(3313,'Porto','2014-09-25 15:31:51',198),(3314,'Santarem','2014-09-25 15:31:52',198),(3315,'Setubal','2014-09-25 15:31:52',198),(3316,'Viana do Castelo','2014-09-25 15:31:52',198),(3317,'Vila Real','2014-09-25 15:31:52',198),(3318,'Viseu','2014-09-25 15:31:52',198),(3319,'Azores','2014-09-25 15:31:52',198),(3320,'Central','2014-09-25 15:31:52',191),(3321,'Gulf','2014-09-25 15:31:52',191),(3322,'Milne Bay','2014-09-25 15:31:52',191),(3323,'Northern','2014-09-25 15:31:52',191),(3324,'Southern Highlands','2014-09-25 15:31:52',191),(3325,'Western','2014-09-25 15:31:52',191),(3326,'Bougainville','2014-09-25 15:31:52',191),(3327,'Chimbu','2014-09-25 15:31:52',191),(3328,'Eastern Highlands','2014-09-25 15:31:52',191),(3329,'East New Britain','2014-09-25 15:31:52',191),(3330,'East Sepik','2014-09-25 15:31:52',191),(3331,'Madang','2014-09-25 15:31:52',191),(3332,'Manus','2014-09-25 15:31:52',191),(3333,'Morobe','2014-09-25 15:31:52',191),(3334,'New Ireland','2014-09-25 15:31:52',191),(3335,'Western Highlands','2014-09-25 15:31:52',191),(3336,'West New Britain','2014-09-25 15:31:52',191),(3337,'Sandaun','2014-09-25 15:31:52',191),(3338,'Enga','2014-09-25 15:31:52',191),(3339,'National Capital','2014-09-25 15:31:52',191),(3340,'Bafata','2014-09-25 15:31:52',103),(3341,'Quinara','2014-09-25 15:31:53',103),(3342,'Oio','2014-09-25 15:31:53',103),(3343,'Bolama','2014-09-25 15:31:53',103),(3344,'Cacheu','2014-09-25 15:31:53',103),(3345,'Tombali','2014-09-25 15:31:53',103),(3346,'Gabu','2014-09-25 15:31:53',103),(3347,'Bissau','2014-09-25 15:31:53',103),(3348,'Biombo','2014-09-25 15:31:53',103),(3349,'Ad Dawhah','2014-09-25 15:31:53',200),(3350,'Al Ghuwayriyah','2014-09-25 15:31:53',200),(3351,'Al Jumayliyah','2014-09-25 15:31:53',200),(3352,'Al Khawr','2014-09-25 15:31:53',200),(3353,'Al Wakrah','2014-09-25 15:31:53',200),(3354,'Ar Rayyan','2014-09-25 15:31:53',200),(3355,'Jarayan al Batinah','2014-09-25 15:31:53',200),(3356,'Madinat ash Shamal','2014-09-25 15:31:53',200),(3357,'Umm Salal','2014-09-25 15:31:53',200),(3358,'Alba','2014-09-25 15:31:53',202),(3359,'Arad','2014-09-25 15:31:53',202),(3360,'Arges','2014-09-25 15:31:53',202),(3361,'Bacau','2014-09-25 15:31:53',202),(3362,'Bihor','2014-09-25 15:31:54',202),(3363,'Bistrita-Nasaud','2014-09-25 15:31:54',202),(3364,'Botosani','2014-09-25 15:31:54',202),(3365,'Braila','2014-09-25 15:31:54',202),(3366,'Brasov','2014-09-25 15:31:54',202),(3367,'Bucuresti','2014-09-25 15:31:54',202),(3368,'Buzau','2014-09-25 15:31:54',202),(3369,'Caras-Severin','2014-09-25 15:31:54',202),(3370,'Cluj','2014-09-25 15:31:54',202),(3371,'Constanta','2014-09-25 15:31:54',202),(3372,'Covasna','2014-09-25 15:31:54',202),(3373,'Dambovita','2014-09-25 15:31:54',202),(3374,'Dolj','2014-09-25 15:31:54',202),(3375,'Galati','2014-09-25 15:31:54',202),(3376,'Gorj','2014-09-25 15:31:54',202),(3377,'Harghita','2014-09-25 15:31:54',202),(3378,'Hunedoara','2014-09-25 15:31:54',202),(3379,'Ialomita','2014-09-25 15:31:54',202),(3380,'Iasi','2014-09-25 15:31:54',202),(3381,'Maramures','2014-09-25 15:31:54',202),(3382,'Mehedinti','2014-09-25 15:31:54',202),(3383,'Mures','2014-09-25 15:31:54',202),(3384,'Neamt','2014-09-25 15:31:54',202),(3385,'Olt','2014-09-25 15:31:54',202),(3386,'Prahova','2014-09-25 15:31:54',202),(3387,'Salaj','2014-09-25 15:31:55',202),(3388,'Satu Mare','2014-09-25 15:31:55',202),(3389,'Sibiu','2014-09-25 15:31:55',202),(3390,'Suceava','2014-09-25 15:31:55',202),(3391,'Teleorman','2014-09-25 15:31:55',202),(3392,'Timis','2014-09-25 15:31:55',202),(3393,'Tulcea','2014-09-25 15:31:55',202),(3394,'Vaslui','2014-09-25 15:31:55',202),(3395,'Valcea','2014-09-25 15:31:55',202),(3396,'Vrancea','2014-09-25 15:31:55',202),(3397,'Calarasi','2014-09-25 15:31:55',202),(3398,'Giurgiu','2014-09-25 15:31:55',202),(3399,'Abra','2014-09-25 15:31:55',195),(3400,'Agusan del Norte','2014-09-25 15:31:55',195),(3401,'Agusan del Sur','2014-09-25 15:31:55',195),(3402,'Aklan','2014-09-25 15:31:55',195),(3403,'Albay','2014-09-25 15:31:55',195),(3404,'Antique','2014-09-25 15:31:55',195),(3405,'Bataan','2014-09-25 15:31:55',195),(3406,'Batanes','2014-09-25 15:31:55',195),(3407,'Batangas','2014-09-25 15:31:55',195),(3408,'Benguet','2014-09-25 15:31:55',195),(3409,'Bohol','2014-09-25 15:31:55',195),(3410,'Bukidnon','2014-09-25 15:31:55',195),(3411,'Bulacan','2014-09-25 15:31:55',195),(3412,'Cagayan','2014-09-25 15:31:56',195),(3413,'Camarines Norte','2014-09-25 15:31:56',195),(3414,'Camarines Sur','2014-09-25 15:31:56',195),(3415,'Camiguin','2014-09-25 15:31:56',195),(3416,'Capiz','2014-09-25 15:31:56',195),(3417,'Catanduanes','2014-09-25 15:31:56',195),(3418,'Cavite','2014-09-25 15:31:56',195),(3419,'Cebu','2014-09-25 15:31:56',195),(3420,'Basilan','2014-09-25 15:31:56',195),(3421,'Eastern Samar','2014-09-25 15:31:56',195),(3422,'Davao del Norte','2014-09-25 15:31:56',195),(3423,'Davao del Sur','2014-09-25 15:31:56',195),(3424,'Davao Oriental','2014-09-25 15:31:56',195),(3425,'Ifugao','2014-09-25 15:31:56',195),(3426,'Ilocos Norte','2014-09-25 15:31:56',195),(3427,'Ilocos Sur','2014-09-25 15:31:56',195),(3428,'Iloilo','2014-09-25 15:31:56',195),(3429,'Isabela','2014-09-25 15:31:56',195),(3430,'Kalinga-Apayao','2014-09-25 15:31:56',195),(3431,'Laguna','2014-09-25 15:31:56',195),(3432,'Lanao del Norte','2014-09-25 15:31:56',195),(3433,'Lanao del Sur','2014-09-25 15:31:56',195),(3434,'La Union','2014-09-25 15:31:56',195),(3435,'Leyte','2014-09-25 15:31:56',195),(3436,'Marinduque','2014-09-25 15:31:56',195),(3437,'Masbate','2014-09-25 15:31:57',195),(3438,'Mindoro Occidental','2014-09-25 15:31:57',195),(3439,'Mindoro Oriental','2014-09-25 15:31:57',195),(3440,'Misamis Occidental','2014-09-25 15:31:57',195),(3441,'Misamis Oriental','2014-09-25 15:31:57',195),(3442,'Mountain','2014-09-25 15:31:57',195),(3443,'RP45','2014-09-25 15:31:57',195),(3444,'Negros Oriental','2014-09-25 15:31:57',195),(3445,'Nueva Ecija','2014-09-25 15:31:57',195),(3446,'Nueva Vizcaya','2014-09-25 15:31:57',195),(3447,'Palawan','2014-09-25 15:31:57',195),(3448,'Pampanga','2014-09-25 15:31:57',195),(3449,'Pangasinan','2014-09-25 15:31:57',195),(3450,'Rizal','2014-09-25 15:31:57',195),(3451,'Romblon','2014-09-25 15:31:57',195),(3452,'Samar','2014-09-25 15:31:57',195),(3453,'Maguindanao','2014-09-25 15:31:57',195),(3454,'North Cotabato','2014-09-25 15:31:57',195),(3455,'Sorsogon','2014-09-25 15:31:57',195),(3456,'Southern Leyte','2014-09-25 15:31:57',195),(3457,'Sulu','2014-09-25 15:31:57',195),(3458,'Surigao del Norte','2014-09-25 15:31:57',195),(3459,'Surigao del Sur','2014-09-25 15:31:57',195),(3460,'Tarlac','2014-09-25 15:31:57',195),(3461,'Zambales','2014-09-25 15:31:57',195),(3462,'Zamboanga del Norte','2014-09-25 15:31:57',195),(3463,'Zamboanga del Sur','2014-09-25 15:31:57',195),(3464,'Northern Samar','2014-09-25 15:31:57',195),(3465,'Quirino','2014-09-25 15:31:58',195),(3466,'Siquijor','2014-09-25 15:31:58',195),(3467,'South Cotabato','2014-09-25 15:31:58',195),(3468,'Sultan Kudarat','2014-09-25 15:31:58',195),(3469,'Tawi-Tawi','2014-09-25 15:31:58',195),(3470,'Angeles','2014-09-25 15:31:58',195),(3471,'Bacolod','2014-09-25 15:31:58',195),(3472,'Bago','2014-09-25 15:31:58',195),(3473,'Baguio','2014-09-25 15:31:58',195),(3474,'Bais','2014-09-25 15:31:58',195),(3475,'Basilan City','2014-09-25 15:31:58',195),(3476,'Batangas City','2014-09-25 15:31:58',195),(3477,'Butuan','2014-09-25 15:31:58',195),(3478,'Cabanatuan','2014-09-25 15:31:58',195),(3479,'Cadiz','2014-09-25 15:31:58',195),(3480,'Cagayan de Oro','2014-09-25 15:31:58',195),(3481,'Calbayog','2014-09-25 15:31:58',195),(3482,'Caloocan','2014-09-25 15:31:58',195),(3483,'Canlaon','2014-09-25 15:31:58',195),(3484,'Cavite City','2014-09-25 15:31:58',195),(3485,'Cebu City','2014-09-25 15:31:58',195),(3486,'Cotabato','2014-09-25 15:31:58',195),(3487,'Dagupan','2014-09-25 15:31:58',195),(3488,'Danao','2014-09-25 15:31:58',195),(3489,'Dapitane','2014-09-25 15:31:58',195),(3490,'Davao City','2014-09-25 15:31:58',195),(3491,'Dipolog','2014-09-25 15:31:58',195),(3492,'Dumaguete','2014-09-25 15:31:58',195),(3493,'General Santos','2014-09-25 15:31:58',195),(3494,'Gingoog','2014-09-25 15:31:58',195),(3495,'Iligan','2014-09-25 15:31:59',195),(3496,'Iloilo City','2014-09-25 15:31:59',195),(3497,'Iriga','2014-09-25 15:31:59',195),(3498,'La Carlota','2014-09-25 15:31:59',195),(3499,'Laoag','2014-09-25 15:31:59',195),(3500,'LapuLapu','2014-09-25 15:31:59',195),(3501,'Legaspi','2014-09-25 15:31:59',195),(3502,'Lipa','2014-09-25 15:31:59',195),(3503,'Lucena','2014-09-25 15:31:59',195),(3504,'Mandaue','2014-09-25 15:31:59',195),(3505,'Manila','2014-09-25 15:31:59',195),(3506,'Marawi','2014-09-25 15:31:59',195),(3507,'Naga','2014-09-25 15:31:59',195),(3508,'Olongapo','2014-09-25 15:31:59',195),(3509,'Ormoc','2014-09-25 15:31:59',195),(3510,'Oroquieta','2014-09-25 15:31:59',195),(3511,'Ozamis','2014-09-25 15:31:59',195),(3512,'Pagadiane','2014-09-25 15:31:59',195),(3513,'Palayan','2014-09-25 15:31:59',195),(3514,'Pasay','2014-09-25 15:31:59',195),(3515,'Puerto Princesa','2014-09-25 15:31:59',195),(3516,'Quezon City','2014-09-25 15:31:59',195),(3517,'Roxas','2014-09-25 15:31:59',195),(3518,'Negros Occidental San Carlos','2014-09-25 15:31:59',195),(3519,'Pangasinan San Carlos','2014-09-25 15:31:59',195),(3520,'San Jose','2014-09-25 15:31:59',195),(3521,'San Pablo','2014-09-25 15:31:59',195),(3522,'Silay','2014-09-25 15:32:00',195),(3523,'Surigao','2014-09-25 15:32:00',195),(3524,'Tacloban','2014-09-25 15:32:00',195),(3525,'Tagaytay','2014-09-25 15:32:00',195),(3526,'Tagbilaran','2014-09-25 15:32:00',195),(3527,'Tangub','2014-09-25 15:32:00',195),(3528,'Toledo','2014-09-25 15:32:00',195),(3529,'Trece Martires','2014-09-25 15:32:00',195),(3530,'Zamboanga','2014-09-25 15:32:00',195),(3531,'Aurora','2014-09-25 15:32:00',195),(3532,'Quezon','2014-09-25 15:32:00',195),(3533,'Negros Occidental','2014-09-25 15:32:00',195),(3534,'Adygeya','2014-09-25 15:32:00',203),(3535,'Aginskiy Buryatskiy Avtonomnyy Okrug','2014-09-25 15:32:00',203),(3536,'Altay','2014-09-25 15:32:00',203),(3537,'Altayskiy Kray','2014-09-25 15:32:00',203),(3538,'Amurskaya Oblast\'','2014-09-25 15:32:00',203),(3539,'Arkhangel\'skaya Oblast\'','2014-09-25 15:32:00',203),(3540,'Astrakhanskaya Oblast\'','2014-09-25 15:32:00',203),(3541,'Bashkortostan','2014-09-25 15:32:00',203),(3542,'Belgorodskaya Oblast\'','2014-09-25 15:32:00',203),(3543,'Bryanskaya Oblast\'','2014-09-25 15:32:00',203),(3544,'Buryatiya','2014-09-25 15:32:00',203),(3545,'Chechnya','2014-09-25 15:32:00',203),(3546,'Chelyabinskaya Oblast\'','2014-09-25 15:32:00',203),(3547,'Chitinskaya Oblast\'','2014-09-25 15:32:00',203),(3548,'Chukotskiy Avtonomnyy Okrug','2014-09-25 15:32:00',203),(3549,'Chuvashiya','2014-09-25 15:32:01',203),(3550,'Evenkiyskiy Avtonomnyy Okrug','2014-09-25 15:32:01',203),(3551,'Ingushetiya','2014-09-25 15:32:01',203),(3552,'Irkutskaya Oblast\'','2014-09-25 15:32:01',203),(3553,'Ivanovskaya Oblast\'','2014-09-25 15:32:01',203),(3554,'Kabardino-Balkariya','2014-09-25 15:32:01',203),(3555,'Kaliningradskaya Oblast\'','2014-09-25 15:32:01',203),(3556,'Kalmykiya','2014-09-25 15:32:01',203),(3557,'Kaluzhskaya Oblast\'','2014-09-25 15:32:01',203),(3558,'Kamchatskaya Oblast\'','2014-09-25 15:32:01',203),(3559,'Karachayevo-Cherkesiya','2014-09-25 15:32:01',203),(3560,'Kareliya','2014-09-25 15:32:01',203),(3561,'Kemerovskaya Oblast\'','2014-09-25 15:32:01',203),(3562,'Khabarovskiy Kray','2014-09-25 15:32:01',203),(3563,'Khakasiya','2014-09-25 15:32:01',203),(3564,'Khanty-Mansiyskiy Avtonomnyy Okrug','2014-09-25 15:32:01',203),(3565,'Kirovskaya Oblast\'','2014-09-25 15:32:01',203),(3566,'Komi-Permyatskiy Avtonomnyy Okrug','2014-09-25 15:32:01',203),(3567,'Koryakskiy Avtonomnyy Okrug','2014-09-25 15:32:01',203),(3568,'Kostromskaya Oblast\'','2014-09-25 15:32:01',203),(3569,'Krasnodarskiy Kray','2014-09-25 15:32:01',203),(3570,'Krasnoyarskiy Kray','2014-09-25 15:32:01',203),(3571,'Kurganskaya Oblast\'','2014-09-25 15:32:01',203),(3572,'Kurskaya Oblast\'','2014-09-25 15:32:01',203),(3573,'Leningradskaya Oblast\'','2014-09-25 15:32:01',203),(3574,'Lipetskaya Oblast\'','2014-09-25 15:32:01',203),(3575,'Magadanskaya Oblast\'','2014-09-25 15:32:02',203),(3576,'Mordoviya','2014-09-25 15:32:02',203),(3577,'Moskovskaya Oblast\'','2014-09-25 15:32:02',203),(3578,'Moskva','2014-09-25 15:32:02',203),(3579,'Murmanskaya Oblast\'','2014-09-25 15:32:02',203),(3580,'Nenetskiy Avtonomnyy Okrug','2014-09-25 15:32:02',203),(3581,'Nizhegorodskaya Oblast\'','2014-09-25 15:32:02',203),(3582,'Novgorodskaya Oblast\'','2014-09-25 15:32:02',203),(3583,'Novosibirskaya Oblast\'','2014-09-25 15:32:02',203),(3584,'Omskaya Oblast\'','2014-09-25 15:32:02',203),(3585,'Orenburgskaya Oblast\'','2014-09-25 15:32:02',203),(3586,'Orlovskaya Oblast\'','2014-09-25 15:32:02',203),(3587,'Penzenskaya Oblast\'','2014-09-25 15:32:02',203),(3588,'Permskaya Oblast\'','2014-09-25 15:32:02',203),(3589,'Primorskiy Kray','2014-09-25 15:32:02',203),(3590,'Pskovskaya Oblast\'','2014-09-25 15:32:02',203),(3591,'Rostovskaya Oblast\'','2014-09-25 15:32:02',203),(3592,'Ryazanskaya Oblast\'','2014-09-25 15:32:02',203),(3593,'Sakha (Yakutiya)','2014-09-25 15:32:02',203),(3594,'Sakhalinskaya Oblast\'','2014-09-25 15:32:02',203),(3595,'Samarskaya Oblast\'','2014-09-25 15:32:02',203),(3596,'Sankt-Peterburg','2014-09-25 15:32:02',203),(3597,'Saratovskaya Oblast\'','2014-09-25 15:32:02',203),(3598,'Severnaya Osetiya-Alaniya','2014-09-25 15:32:02',203),(3599,'Smolenskaya Oblast\'','2014-09-25 15:32:02',203),(3600,'Stavropol\'skiy Kray','2014-09-25 15:32:02',203),(3601,'Sverdlovskaya Oblast\'','2014-09-25 15:32:02',203),(3602,'Tambovskaya Oblast\'','2014-09-25 15:32:02',203),(3603,'Taymyrskiy Dolgano-Nenetskiy Avtonomnyy Okrug','2014-09-25 15:32:02',203),(3604,'Tomskaya Oblast\'','2014-09-25 15:32:02',203),(3605,'Tul\'skaya Oblast\'','2014-09-25 15:32:02',203),(3606,'Tverskaya Oblast\'','2014-09-25 15:32:03',203),(3607,'Tyumenskaya Oblast\'','2014-09-25 15:32:03',203),(3608,'Udmurtiya','2014-09-25 15:32:03',203),(3609,'Ul\'yanovskaya Oblast\'','2014-09-25 15:32:03',203),(3610,'Ust\'-Ordynskiy Buryatskiy Avtonomnyy Okrug','2014-09-25 15:32:03',203),(3611,'Vladimirskaya Oblast\'','2014-09-25 15:32:03',203),(3612,'Volgogradskaya Oblast\'','2014-09-25 15:32:03',203),(3613,'Vologodskaya oblast\'','2014-09-25 15:32:03',203),(3614,'Voronezhskaya Oblast\'','2014-09-25 15:32:03',203),(3615,'Yamalo-Nenetskiy Avtonomnyy Okrug','2014-09-25 15:32:03',203),(3616,'Yaroslavskaya Oblast\'','2014-09-25 15:32:03',203),(3617,'Yevreyskaya Avtonomnyy Oblast\'','2014-09-25 15:32:03',203),(3619,'Butare','2014-09-25 15:32:03',204),(3620,'Byumba','2014-09-25 15:32:03',204),(3621,'Cyangugu','2014-09-25 15:32:03',204),(3622,'Gikongoro','2014-09-25 15:32:03',204),(3623,'Gisenyi','2014-09-25 15:32:03',204),(3624,'Gitarama','2014-09-25 15:32:03',204),(3625,'Kibungo','2014-09-25 15:32:03',204),(3626,'Kibuye','2014-09-25 15:32:03',204),(3627,'Kigali-Rural','2014-09-25 15:32:03',204),(3628,'Ruhengeri','2014-09-25 15:32:03',204),(3629,'Al Bahah','2014-09-25 15:32:03',213),(3630,'Al Madinah','2014-09-25 15:32:03',213),(3631,'Ash Sharqiyah','2014-09-25 15:32:03',213),(3632,'Al Qasim','2014-09-25 15:32:03',213),(3633,'Ar Riyad','2014-09-25 15:32:03',213),(3634,'\'Asir','2014-09-25 15:32:03',213),(3635,'Ha\'il','2014-09-25 15:32:03',213),(3636,'Makkah','2014-09-25 15:32:03',213),(3637,'Al Hudud ash Shamaliyah','2014-09-25 15:32:04',213),(3638,'Najran','2014-09-25 15:32:04',213),(3639,'Jizan','2014-09-25 15:32:04',213),(3640,'Tabuk','2014-09-25 15:32:04',213),(3641,'Al Jawf','2014-09-25 15:32:04',213),(3643,'Christ Church Nicholatown','2014-09-25 15:32:04',206),(3644,'Saint Anne Sandy Point','2014-09-25 15:32:04',206),(3645,'Saint George Basseterre','2014-09-25 15:32:04',206),(3646,'Saint George Gingerland','2014-09-25 15:32:04',206),(3647,'Saint James Windward','2014-09-25 15:32:04',206),(3648,'Saint John Capesterre','2014-09-25 15:32:04',206),(3649,'Saint John Figtree','2014-09-25 15:32:04',206),(3650,'Saint Mary Cayon','2014-09-25 15:32:04',206),(3651,'Saint Paul Capesterre','2014-09-25 15:32:04',206),(3652,'Saint Paul Charlestown','2014-09-25 15:32:04',206),(3653,'Saint Peter Basseterre','2014-09-25 15:32:04',206),(3654,'Saint Thomas Lowland','2014-09-25 15:32:04',206),(3655,'Saint Thomas Middle Island','2014-09-25 15:32:04',206),(3656,'Trinity Palmetto Point','2014-09-25 15:32:04',206),(3657,'Anse aux Pins','2014-09-25 15:32:04',217),(3658,'Anse Boileau','2014-09-25 15:32:04',217),(3659,'Anse Etoile','2014-09-25 15:32:04',217),(3660,'Anse Louis','2014-09-25 15:32:04',217),(3661,'Anse Royale','2014-09-25 15:32:04',217),(3662,'Baie Lazare','2014-09-25 15:32:05',217),(3663,'Baie Sainte Anne','2014-09-25 15:32:05',217),(3664,'Beau Vallon','2014-09-25 15:32:05',217),(3665,'Bel Air','2014-09-25 15:32:05',217),(3666,'Bel Ombre','2014-09-25 15:32:05',217),(3667,'Cascade','2014-09-25 15:32:05',217),(3668,'Glacis','2014-09-25 15:32:05',217),(3669,'Grand\' Anse','2014-09-25 15:32:05',217),(3670,'La Digue','2014-09-25 15:32:05',217),(3671,'La Riviere Anglaise','2014-09-25 15:32:05',217),(3672,'Mont Buxton','2014-09-25 15:32:05',217),(3673,'Mont Fleuri','2014-09-25 15:32:05',217),(3674,'Plaisance','2014-09-25 15:32:05',217),(3675,'Pointe La Rue','2014-09-25 15:32:05',217),(3676,'Port Glaud','2014-09-25 15:32:05',217),(3677,'Saint Louis','2014-09-25 15:32:05',217),(3678,'Takamaka','2014-09-25 15:32:05',217),(3680,'KwaZulu-Natal','2014-09-25 15:32:05',224),(3681,'Free State','2014-09-25 15:32:05',224),(3683,'Eastern Cape','2014-09-25 15:32:05',224),(3684,'Gauteng','2014-09-25 15:32:05',224),(3685,'Mpumalanga','2014-09-25 15:32:05',224),(3686,'Northern Cape','2014-09-25 15:32:06',224),(3687,'Northern Province','2014-09-25 15:32:06',224),(3688,'North-West','2014-09-25 15:32:06',224),(3689,'Western Cape','2014-09-25 15:32:06',224),(3690,'Dakar','2014-09-25 15:32:06',214),(3691,'Diourbel','2014-09-25 15:32:06',214),(3692,'Saint-Louis','2014-09-25 15:32:06',214),(3693,'Tambacounda','2014-09-25 15:32:06',214),(3694,'Thies','2014-09-25 15:32:06',214),(3695,'Louga','2014-09-25 15:32:06',214),(3696,'Fatick','2014-09-25 15:32:06',214),(3697,'Kaolack','2014-09-25 15:32:06',214),(3698,'Kolda','2014-09-25 15:32:06',214),(3699,'Ziguinchor','2014-09-25 15:32:06',214),(3700,'Ascension','2014-09-25 15:32:06',205),(3701,'Saint Helena','2014-09-25 15:32:06',205),(3702,'Tristan da Cunha','2014-09-25 15:32:06',205),(3703,'Ajdovscina','2014-09-25 15:32:06',221),(3704,'Beltinci','2014-09-25 15:32:06',221),(3705,'Bled','2014-09-25 15:32:06',221),(3706,'Bohinj','2014-09-25 15:32:06',221),(3707,'Borovnica','2014-09-25 15:32:06',221),(3708,'Bovec','2014-09-25 15:32:06',221),(3709,'Brda','2014-09-25 15:32:06',221),(3710,'Brezice','2014-09-25 15:32:06',221),(3711,'Brezovica','2014-09-25 15:32:06',221),(3712,'Cankova-Tisina','2014-09-25 15:32:06',221),(3713,'Celje','2014-09-25 15:32:06',221),(3714,'Cerklje Na Gorenjskem','2014-09-25 15:32:07',221),(3715,'Cerknica','2014-09-25 15:32:07',221),(3716,'Cerkno','2014-09-25 15:32:07',221),(3717,'Crensovci','2014-09-25 15:32:07',221),(3718,'Crna na Koroskem','2014-09-25 15:32:07',221),(3719,'Crnomelj','2014-09-25 15:32:07',221),(3720,'Destrnik-Trnovska Vas','2014-09-25 15:32:07',221),(3721,'Divaca','2014-09-25 15:32:07',221),(3722,'Dobrepolje','2014-09-25 15:32:07',221),(3723,'Dobrova-Horjul-Polhov Gradec','2014-09-25 15:32:07',221),(3724,'Dol pri Ljubljani','2014-09-25 15:32:07',221),(3725,'Domzale','2014-09-25 15:32:07',221),(3726,'Dornava','2014-09-25 15:32:07',221),(3727,'Dravograd','2014-09-25 15:32:07',221),(3728,'Duplek','2014-09-25 15:32:07',221),(3729,'Gorenja Vas-Poljane','2014-09-25 15:32:07',221),(3730,'Gorisnica','2014-09-25 15:32:07',221),(3731,'Gornja Radgona','2014-09-25 15:32:07',221),(3732,'Gornji Grad','2014-09-25 15:32:07',221),(3733,'Gornji Petrovci','2014-09-25 15:32:07',221),(3734,'Grosuplje','2014-09-25 15:32:07',221),(3735,'HodosSalovci','2014-09-25 15:32:07',221),(3736,'Hrastnik','2014-09-25 15:32:07',221),(3737,'Hrpelje-Kozina','2014-09-25 15:32:08',221),(3738,'Idrija','2014-09-25 15:32:08',221),(3739,'Ig','2014-09-25 15:32:08',221),(3740,'Ilirska Bistrica','2014-09-25 15:32:08',221),(3741,'Ivancna Gorica','2014-09-25 15:32:08',221),(3742,'Izola','2014-09-25 15:32:08',221),(3743,'Jesenice','2014-09-25 15:32:08',221),(3744,'Jursinci','2014-09-25 15:32:08',221),(3745,'Kamnik','2014-09-25 15:32:08',221),(3746,'Kanal','2014-09-25 15:32:08',221),(3747,'Kidricevo','2014-09-25 15:32:08',221),(3748,'Kobarid','2014-09-25 15:32:08',221),(3749,'Kobilje','2014-09-25 15:32:08',221),(3750,'Kocevje','2014-09-25 15:32:08',221),(3751,'Komen','2014-09-25 15:32:08',221),(3752,'Koper','2014-09-25 15:32:08',221),(3753,'Kozje','2014-09-25 15:32:08',221),(3754,'Kranj','2014-09-25 15:32:08',221),(3755,'Kranjska Gora','2014-09-25 15:32:08',221),(3756,'Krsko','2014-09-25 15:32:08',221),(3757,'Kungota','2014-09-25 15:32:08',221),(3758,'Kuzma','2014-09-25 15:32:08',221),(3759,'Lasko','2014-09-25 15:32:08',221),(3760,'Lenart','2014-09-25 15:32:08',221),(3761,'Lendava','2014-09-25 15:32:08',221),(3762,'Litija','2014-09-25 15:32:08',221),(3763,'Ljubljana','2014-09-25 15:32:09',221),(3764,'Ljubno','2014-09-25 15:32:09',221),(3765,'Ljutomer','2014-09-25 15:32:09',221),(3766,'Logatec','2014-09-25 15:32:09',221),(3767,'Loska Dolina','2014-09-25 15:32:09',221),(3768,'Loski Potok','2014-09-25 15:32:09',221),(3769,'Luce','2014-09-25 15:32:09',221),(3770,'Lukovica','2014-09-25 15:32:09',221),(3771,'Majsperk','2014-09-25 15:32:09',221),(3772,'Maribor','2014-09-25 15:32:09',221),(3773,'Medvode','2014-09-25 15:32:10',221),(3774,'Menges','2014-09-25 15:32:10',221),(3775,'Metlika','2014-09-25 15:32:10',221),(3776,'Mezica','2014-09-25 15:32:10',221),(3777,'Miren-Kostanjevica','2014-09-25 15:32:10',221),(3778,'Mislinja','2014-09-25 15:32:10',221),(3779,'Moravce','2014-09-25 15:32:10',221),(3780,'Moravske Toplice','2014-09-25 15:32:10',221),(3781,'Mozirje','2014-09-25 15:32:10',221),(3782,'Murska Sobota','2014-09-25 15:32:10',221),(3783,'Muta','2014-09-25 15:32:10',221),(3784,'Naklo','2014-09-25 15:32:10',221),(3785,'Nazarje','2014-09-25 15:32:10',221),(3786,'Nova Gorica','2014-09-25 15:32:10',221),(3787,'Novo Mesto','2014-09-25 15:32:10',221),(3788,'Odranci','2014-09-25 15:32:10',221),(3789,'Ormoz','2014-09-25 15:32:10',221),(3790,'Osilnica','2014-09-25 15:32:10',221),(3791,'Pesnica','2014-09-25 15:32:10',221),(3792,'Piran','2014-09-25 15:32:10',221),(3793,'Pivka','2014-09-25 15:32:10',221),(3794,'Podcetrtek','2014-09-25 15:32:10',221),(3795,'Podvelka-Ribnica','2014-09-25 15:32:10',221),(3796,'Postojna','2014-09-25 15:32:10',221),(3797,'Preddvor','2014-09-25 15:32:10',221),(3798,'Ptuj','2014-09-25 15:32:10',221),(3799,'Puconci','2014-09-25 15:32:10',221),(3800,'Race-Fram','2014-09-25 15:32:10',221),(3801,'Radece','2014-09-25 15:32:10',221),(3802,'Radenci','2014-09-25 15:32:10',221),(3803,'Radlje ob Dravi','2014-09-25 15:32:11',221),(3804,'Radovljica','2014-09-25 15:32:11',221),(3805,'Ravne-Prevalje','2014-09-25 15:32:11',221),(3806,'Ribnica','2014-09-25 15:32:11',221),(3807,'Rogasevci','2014-09-25 15:32:11',221),(3808,'Rogaska Slatina','2014-09-25 15:32:11',221),(3809,'Rogatec','2014-09-25 15:32:11',221),(3810,'Ruse','2014-09-25 15:32:11',221),(3811,'Semic','2014-09-25 15:32:11',221),(3812,'Sencur','2014-09-25 15:32:11',221),(3813,'Sentilj','2014-09-25 15:32:11',221),(3814,'Sentjernej','2014-09-25 15:32:11',221),(3815,'Sentjur pri Celju','2014-09-25 15:32:11',221),(3816,'Sevnica','2014-09-25 15:32:11',221),(3817,'Sezana','2014-09-25 15:32:11',221),(3818,'Skocjan','2014-09-25 15:32:11',221),(3819,'Skofja Loka','2014-09-25 15:32:11',221),(3820,'Skofljica','2014-09-25 15:32:11',221),(3821,'Slovenj Gradec','2014-09-25 15:32:11',221),(3822,'Slovenska Bistrica','2014-09-25 15:32:11',221),(3823,'Slovenske Konjice','2014-09-25 15:32:11',221),(3824,'Smarje pri Jelsah','2014-09-25 15:32:11',221),(3825,'Smartno ob Paki','2014-09-25 15:32:11',221),(3826,'Sostanj','2014-09-25 15:32:11',221),(3827,'Starse','2014-09-25 15:32:11',221),(3828,'Store','2014-09-25 15:32:12',221),(3829,'Sveti Jurij','2014-09-25 15:32:12',221),(3830,'Tolmin','2014-09-25 15:32:12',221),(3831,'Trbovlje','2014-09-25 15:32:12',221),(3832,'Trebnje','2014-09-25 15:32:12',221),(3833,'Trzic','2014-09-25 15:32:12',221),(3834,'Turnisce','2014-09-25 15:32:12',221),(3835,'Velenje','2014-09-25 15:32:12',221),(3836,'Velike Lasce','2014-09-25 15:32:12',221),(3837,'Videm','2014-09-25 15:32:12',221),(3838,'Vipava','2014-09-25 15:32:12',221),(3839,'Vitanje','2014-09-25 15:32:12',221),(3840,'Vodice','2014-09-25 15:32:12',221),(3841,'Vojnik','2014-09-25 15:32:12',221),(3842,'Vrhnika','2014-09-25 15:32:12',221),(3843,'Vuzenica','2014-09-25 15:32:12',221),(3844,'Zagorje ob Savi','2014-09-25 15:32:12',221),(3845,'Zalec','2014-09-25 15:32:12',221),(3846,'Zavrc','2014-09-25 15:32:12',221),(3847,'Zelezniki','2014-09-25 15:32:12',221),(3848,'Ziri','2014-09-25 15:32:12',221),(3849,'Zrece','2014-09-25 15:32:12',221),(3850,'Eastern','2014-09-25 15:32:12',218),(3851,'Northern','2014-09-25 15:32:12',218),(3852,'Southern','2014-09-25 15:32:13',218),(3853,'Western Area','2014-09-25 15:32:13',218),(3854,'Acquaviva','2014-09-25 15:32:13',211),(3855,'Chiesanuova','2014-09-25 15:32:13',211),(3856,'Domagnano','2014-09-25 15:32:13',211),(3857,'Faetano','2014-09-25 15:32:13',211),(3858,'Fiorentino','2014-09-25 15:32:13',211),(3859,'Borgo Maaggiore','2014-09-25 15:32:13',211),(3860,'San Marino','2014-09-25 15:32:13',211),(3861,'Monte Giardino','2014-09-25 15:32:13',211),(3862,'Serravalle','2014-09-25 15:32:13',211),(3863,'Bakool','2014-09-25 15:32:13',223),(3864,'Banaadir','2014-09-25 15:32:13',223),(3865,'Bari','2014-09-25 15:32:13',223),(3866,'Bay','2014-09-25 15:32:13',223),(3867,'Galguduud','2014-09-25 15:32:13',223),(3868,'Gedo','2014-09-25 15:32:13',223),(3869,'Hiiraan','2014-09-25 15:32:13',223),(3870,'Jubbada Dhexe','2014-09-25 15:32:13',223),(3871,'Jubbada Hoose','2014-09-25 15:32:14',223),(3872,'Mudug','2014-09-25 15:32:14',223),(3873,'Nugaal','2014-09-25 15:32:14',223),(3874,'Sanaag','2014-09-25 15:32:14',223),(3875,'Shabeellaha Dhexe','2014-09-25 15:32:14',223),(3876,'Shabeellaha Hoose','2014-09-25 15:32:14',223),(3877,'Togdheer','2014-09-25 15:32:14',223),(3878,'Woqooyi Galbeed','2014-09-25 15:32:14',223),(3886,'Islas Baleares','2014-09-25 15:32:14',226),(3906,'La Rioja','2014-09-25 15:32:14',226),(3908,'Madrid','2014-09-25 15:32:14',226),(3910,'Murcia','2014-09-25 15:32:14',226),(3911,'Navarra','2014-09-25 15:32:14',226),(3913,'Asturias','2014-09-25 15:32:14',226),(3918,'Cantabria','2014-09-25 15:32:14',226),(3930,'Andalucia','2014-09-25 15:32:14',226),(3931,'Aragon','2014-09-25 15:32:14',226),(3932,'Canarias','2014-09-25 15:32:14',226),(3933,'Castilla-La Mancha','2014-09-25 15:32:14',226),(3934,'Castilla y Leon','2014-09-25 15:32:14',226),(3935,'Cataluña','2014-09-25 15:32:14',226),(3936,'Extremadura','2014-09-25 15:32:14',226),(3937,'Galicia','2014-09-25 15:32:14',226),(3938,'Pais Vasco','2014-09-25 15:32:14',226),(3939,'Valenciana','2014-09-25 15:32:14',226),(3941,'Vojvodina','2014-09-25 15:32:14',271),(3942,'Anse-la-Raye','2014-09-25 15:32:15',207),(3943,'Dauphin','2014-09-25 15:32:15',207),(3944,'Castries','2014-09-25 15:32:15',207),(3945,'Choiseul','2014-09-25 15:32:15',207),(3946,'Dennery','2014-09-25 15:32:15',207),(3947,'Gros-Islet','2014-09-25 15:32:15',207),(3948,'Laborie','2014-09-25 15:32:15',207),(3949,'Micoud','2014-09-25 15:32:15',207),(3950,'Soufriere','2014-09-25 15:32:15',207),(3951,'Vieux-Fort','2014-09-25 15:32:15',207),(3952,'Praslin','2014-09-25 15:32:15',207),(3953,'A\'ali an Nil','2014-09-25 15:32:15',229),(3956,'Al Khartum','2014-09-25 15:32:15',229),(3957,'Ash Shamaliyah','2014-09-25 15:32:15',229),(3962,'Al Babr al Ahmar','2014-09-25 15:32:15',229),(3963,'Al Buhayrat','2014-09-25 15:32:15',229),(3964,'Al Jazirah','2014-09-25 15:32:15',229),(3965,'Al Qadarif','2014-09-25 15:32:15',229),(3966,'Al Wahdah','2014-09-25 15:32:15',229),(3967,'An Nil al Abyad','2014-09-25 15:32:15',229),(3968,'An Nil al Azraq','2014-09-25 15:32:15',229),(3969,'Bahr al Jabal','2014-09-25 15:32:15',229),(3970,'Gharb al Istiwa\'iyah','2014-09-25 15:32:15',229),(3971,'Gharb Bahr al Ghazal','2014-09-25 15:32:15',229),(3972,'Gharb Darfur','2014-09-25 15:32:16',229),(3973,'Gharb Kurdufan','2014-09-25 15:32:16',229),(3974,'Janub Darfur','2014-09-25 15:32:16',229),(3975,'Janub Kurdufan','2014-09-25 15:32:16',229),(3976,'Junqali','2014-09-25 15:32:16',229),(3977,'Kassala','2014-09-25 15:32:16',229),(3978,'Nahr an Nil','2014-09-25 15:32:16',229),(3979,'Shamal Bahr al Ghazal','2014-09-25 15:32:16',229),(3980,'Shamal Darfur','2014-09-25 15:32:16',229),(3981,'Shamal Kurdufan','2014-09-25 15:32:16',229),(3982,'Sharq al Istiwa\'iyah','2014-09-25 15:32:16',229),(3983,'Sinnar','2014-09-25 15:32:16',229),(3984,'Warab','2014-09-25 15:32:16',229),(3986,'Blekinge Lan','2014-09-25 15:32:16',233),(3987,'Gavleborgs Lan','2014-09-25 15:32:16',233),(3989,'Gotlands Lan','2014-09-25 15:32:16',233),(3990,'Hallands Lan','2014-09-25 15:32:16',233),(3991,'Jamtlands Lan','2014-09-25 15:32:16',233),(3992,'Jonkopings Lan','2014-09-25 15:32:16',233),(3993,'Kalmar Lan','2014-09-25 15:32:16',233),(3994,'Dalarnas Lan','2014-09-25 15:32:16',233),(3996,'Kronobergs Lan','2014-09-25 15:32:17',233),(3998,'Norrbottens Lan','2014-09-25 15:32:17',233),(3999,'Orebro Lan','2014-09-25 15:32:17',233),(4000,'Ostergotlands Lan','2014-09-25 15:32:17',233),(4002,'Sodermanlands Lan','2014-09-25 15:32:17',233),(4003,'Uppsala Lan','2014-09-25 15:32:17',233),(4004,'Varmlands Lan','2014-09-25 15:32:17',233),(4005,'Vasterbottens Lan','2014-09-25 15:32:17',233),(4006,'Vasternorrlands Lan','2014-09-25 15:32:17',233),(4007,'Vastmanlands Lan','2014-09-25 15:32:17',233),(4008,'Stockholms Lan','2014-09-25 15:32:17',233),(4009,'Skane Lan','2014-09-25 15:32:18',233),(4010,'Vastra Gotaland','2014-09-25 15:32:18',233),(4011,'Al Hasakah','2014-09-25 15:32:18',235),(4012,'Al Ladhiqiyah','2014-09-25 15:32:18',235),(4013,'Al Qunaytirah','2014-09-25 15:32:18',235),(4014,'Ar Raqqah','2014-09-25 15:32:18',235),(4015,'As Suwayda\'','2014-09-25 15:32:18',235),(4016,'Dar\'a','2014-09-25 15:32:18',235),(4017,'Dayr az Zawr','2014-09-25 15:32:18',235),(4018,'Rif Dimashq','2014-09-25 15:32:18',235),(4019,'Halab','2014-09-25 15:32:18',235),(4020,'Hamah','2014-09-25 15:32:18',235),(4021,'Hims','2014-09-25 15:32:18',235),(4022,'Idlib','2014-09-25 15:32:18',235),(4023,'Dimashq','2014-09-25 15:32:18',235),(4024,'Tartus','2014-09-25 15:32:18',235),(4025,'Aargau','2014-09-25 15:32:18',234),(4026,'Ausser-Rhoden','2014-09-25 15:32:19',234),(4027,'Basel-Landschaft','2014-09-25 15:32:19',234),(4028,'Basel-Stadt','2014-09-25 15:32:19',234),(4029,'Bern','2014-09-25 15:32:19',234),(4030,'Fribourg','2014-09-25 15:32:19',234),(4031,'Geneve','2014-09-25 15:32:19',234),(4032,'Glarus','2014-09-25 15:32:19',234),(4033,'Graubunden','2014-09-25 15:32:19',234),(4034,'Inner-Rhoden','2014-09-25 15:32:19',234),(4035,'Luzern','2014-09-25 15:32:19',234),(4036,'Neuchatel','2014-09-25 15:32:19',234),(4037,'Nidwalden','2014-09-25 15:32:19',234),(4038,'Obwalden','2014-09-25 15:32:19',234),(4039,'Sankt Gallen','2014-09-25 15:32:19',234),(4040,'Schaffhausen','2014-09-25 15:32:19',234),(4041,'Schwyz','2014-09-25 15:32:19',234),(4042,'Solothurn','2014-09-25 15:32:19',234),(4043,'Thurgau','2014-09-25 15:32:19',234),(4044,'Ticino','2014-09-25 15:32:20',234),(4045,'Uri','2014-09-25 15:32:20',234),(4046,'Valais','2014-09-25 15:32:20',234),(4047,'Vaud','2014-09-25 15:32:20',234),(4048,'Zug','2014-09-25 15:32:20',234),(4049,'Zurich','2014-09-25 15:32:20',234),(4050,'Jura','2014-09-25 15:32:20',234),(4051,'Arima','2014-09-25 15:32:20',243),(4052,'Caroni','2014-09-25 15:32:20',243),(4053,'Mayaro','2014-09-25 15:32:20',243),(4054,'Nariva','2014-09-25 15:32:20',243),(4055,'Port-of-Spain','2014-09-25 15:32:20',243),(4056,'Saint Andrew','2014-09-25 15:32:20',243),(4057,'Saint David','2014-09-25 15:32:20',243),(4058,'Saint George','2014-09-25 15:32:20',243),(4059,'Saint Patrick','2014-09-25 15:32:20',243),(4060,'San Fernando','2014-09-25 15:32:20',243),(4061,'Tobago','2014-09-25 15:32:20',243),(4062,'Victoria','2014-09-25 15:32:20',243),(4063,'Mae Hong Son','2014-09-25 15:32:21',239),(4064,'Chiang Mai','2014-09-25 15:32:21',239),(4065,'Chiang Rai','2014-09-25 15:32:21',239),(4066,'Nan','2014-09-25 15:32:21',239),(4067,'Lamphun','2014-09-25 15:32:21',239),(4068,'Lampang','2014-09-25 15:32:21',239),(4069,'Phrae','2014-09-25 15:32:21',239),(4070,'Tak','2014-09-25 15:32:21',239),(4071,'Sukhothai','2014-09-25 15:32:21',239),(4072,'Uttaradit','2014-09-25 15:32:21',239),(4073,'Kamphaeng Phet','2014-09-25 15:32:21',239),(4074,'Phitsanulok','2014-09-25 15:32:21',239),(4075,'Phichit','2014-09-25 15:32:21',239),(4076,'Phetchabun','2014-09-25 15:32:21',239),(4077,'Uthai Thani','2014-09-25 15:32:21',239),(4078,'Nakhon Sawan','2014-09-25 15:32:21',239),(4079,'Nong Khai','2014-09-25 15:32:21',239),(4080,'Loei','2014-09-25 15:32:21',239),(4081,'Udon Thani','2014-09-25 15:32:21',239),(4082,'Sakon Nakhon','2014-09-25 15:32:22',239),(4083,'Nakhon Phanom','2014-09-25 15:32:22',239),(4084,'Khon Kaen','2014-09-25 15:32:22',239),(4085,'Kalasin','2014-09-25 15:32:22',239),(4086,'Maha Sarakham','2014-09-25 15:32:22',239),(4087,'Roi Et','2014-09-25 15:32:22',239),(4088,'Chaiyaphum','2014-09-25 15:32:22',239),(4089,'Nakhon Ratchasima','2014-09-25 15:32:22',239),(4090,'Buriram','2014-09-25 15:32:22',239),(4091,'Surin','2014-09-25 15:32:22',239),(4092,'Sisaket','2014-09-25 15:32:22',239),(4093,'Narathiwat','2014-09-25 15:32:22',239),(4094,'Chai Nat','2014-09-25 15:32:22',239),(4095,'Sing Buri','2014-09-25 15:32:22',239),(4096,'Lop Buri','2014-09-25 15:32:22',239),(4097,'Ang Thong','2014-09-25 15:32:22',239),(4098,'Phra Nakhon Si Ayutthaya','2014-09-25 15:32:22',239),(4099,'Sara Buri','2014-09-25 15:32:22',239),(4100,'Nonthaburi','2014-09-25 15:32:23',239),(4101,'Pathum Thani','2014-09-25 15:32:23',239),(4102,'Krung Thep Mahanakhon','2014-09-25 15:32:23',239),(4103,'Phayao','2014-09-25 15:32:23',239),(4104,'Samut Prakan','2014-09-25 15:32:23',239),(4105,'Nakhon Nayok','2014-09-25 15:32:23',239),(4106,'Chachoengsao','2014-09-25 15:32:23',239),(4107,'Prachin Buri','2014-09-25 15:32:23',239),(4108,'Chon Buri','2014-09-25 15:32:23',239),(4109,'Rayong','2014-09-25 15:32:24',239),(4110,'Chanthaburi','2014-09-25 15:32:24',239),(4111,'Trat','2014-09-25 15:32:24',239),(4112,'Kanchanaburi','2014-09-25 15:32:24',239),(4113,'Suphan Buri','2014-09-25 15:32:24',239),(4114,'Ratchaburi','2014-09-25 15:32:24',239),(4115,'Nakhon Pathom','2014-09-25 15:32:24',239),(4116,'Samut Songkhram','2014-09-25 15:32:24',239),(4117,'Samut Sakhon','2014-09-25 15:32:24',239),(4118,'Phetchaburi','2014-09-25 15:32:24',239),(4119,'Prachuap Khiri Khan','2014-09-25 15:32:24',239),(4120,'Chumphon','2014-09-25 15:32:24',239),(4121,'Ranong','2014-09-25 15:32:24',239),(4122,'Surat Thani','2014-09-25 15:32:24',239),(4123,'Phangnga','2014-09-25 15:32:24',239),(4124,'Phuket','2014-09-25 15:32:24',239),(4125,'Krabi','2014-09-25 15:32:24',239),(4126,'Nakon Si Thammarat','2014-09-25 15:32:24',239),(4127,'Trang','2014-09-25 15:32:25',239),(4128,'Phatthalung','2014-09-25 15:32:25',239),(4129,'Satun','2014-09-25 15:32:25',239),(4130,'Songkhla','2014-09-25 15:32:25',239),(4131,'Pattani','2014-09-25 15:32:25',239),(4132,'Yala','2014-09-25 15:32:25',239),(4134,'Yasothon','2014-09-25 15:32:25',239),(4135,'Ubon Ratchanthani','2014-09-25 15:32:25',239),(4136,'Amnat Charoen','2014-09-25 15:32:25',239),(4137,'Mukdahan','2014-09-25 15:32:25',239),(4138,'Nong Bua Lamphu','2014-09-25 15:32:25',239),(4139,'Sa Kaeo','2014-09-25 15:32:25',239),(4140,'Kuhistoni Badakhshon','2014-09-25 15:32:25',237),(4141,'Khatlon','2014-09-25 15:32:25',237),(4142,'Leninobod','2014-09-25 15:32:26',237),(4143,'Ha\'apai','2014-09-25 15:32:26',242),(4144,'Tongatapu','2014-09-25 15:32:26',242),(4145,'Vava\'u','2014-09-25 15:32:26',242),(4167,'Principe','2014-09-25 15:32:26',212),(4168,'Sao Tome','2014-09-25 15:32:26',212),(4169,'Al Qasrayn','2014-09-25 15:32:26',245),(4170,'Al Qayrawan','2014-09-25 15:32:26',245),(4171,'Jundubah','2014-09-25 15:32:26',245),(4172,'Al Kaf','2014-09-25 15:32:26',245),(4173,'Al Mahdiyah','2014-09-25 15:32:26',245),(4174,'Al Munastir','2014-09-25 15:32:26',245),(4175,'Bajah','2014-09-25 15:32:27',245),(4176,'Banzart','2014-09-25 15:32:27',245),(4177,'Nabul','2014-09-25 15:32:27',245),(4178,'Silyanah','2014-09-25 15:32:27',245),(4179,'Susah','2014-09-25 15:32:27',245),(4180,'Aryanah','2014-09-25 15:32:27',245),(4181,'Bin \'Arus','2014-09-25 15:32:27',245),(4182,'Madanin','2014-09-25 15:32:27',245),(4183,'Qabis','2014-09-25 15:32:27',245),(4184,'Qafsah','2014-09-25 15:32:27',245),(4185,'Qibili','2014-09-25 15:32:27',245),(4186,'Safaqi','2014-09-25 15:32:27',245),(4187,'Sidi Bu Zayd','2014-09-25 15:32:27',245),(4188,'Tatawin','2014-09-25 15:32:27',245),(4189,'Tawzar','2014-09-25 15:32:28',245),(4190,'Tunis','2014-09-25 15:32:28',245),(4191,'Zaghwan','2014-09-25 15:32:28',245),(4192,'Adana','2014-09-25 15:32:28',246),(4193,'Adiyaman','2014-09-25 15:32:28',246),(4194,'Afyon','2014-09-25 15:32:28',246),(4195,'Agri','2014-09-25 15:32:28',246),(4196,'Amasya','2014-09-25 15:32:28',246),(4198,'Antalya','2014-09-25 15:32:28',246),(4199,'Artvin','2014-09-25 15:32:28',246),(4200,'Aydin','2014-09-25 15:32:28',246),(4201,'Balikesir','2014-09-25 15:32:28',246),(4202,'Bilecik','2014-09-25 15:32:28',246),(4203,'Bingol','2014-09-25 15:32:28',246),(4204,'Bitlis','2014-09-25 15:32:28',246),(4205,'Bolu','2014-09-25 15:32:28',246),(4206,'Burdur','2014-09-25 15:32:29',246),(4207,'Bursa','2014-09-25 15:32:29',246),(4208,'Canakkale','2014-09-25 15:32:29',246),(4209,'Cankiri','2014-09-25 15:32:29',246),(4210,'Corum','2014-09-25 15:32:29',246),(4211,'Denizli','2014-09-25 15:32:29',246),(4212,'Diyarbakir','2014-09-25 15:32:29',246),(4213,'Edirne','2014-09-25 15:32:29',246),(4214,'Elazig','2014-09-25 15:32:29',246),(4215,'Erzincan','2014-09-25 15:32:29',246),(4216,'Erzurum','2014-09-25 15:32:29',246),(4217,'Eskisehir','2014-09-25 15:32:29',246),(4218,'Gaziantep','2014-09-25 15:32:29',246),(4219,'Giresun','2014-09-25 15:32:29',246),(4222,'Hatay','2014-09-25 15:32:29',246),(4223,'Icel','2014-09-25 15:32:29',246),(4224,'Isparta','2014-09-25 15:32:29',246),(4225,'Istanbul','2014-09-25 15:32:29',246),(4226,'Izmir','2014-09-25 15:32:29',246),(4227,'Kars','2014-09-25 15:32:29',246),(4228,'Kastamonu','2014-09-25 15:32:29',246),(4229,'Kayseri','2014-09-25 15:32:30',246),(4230,'Kirklareli','2014-09-25 15:32:30',246),(4231,'Kirsehir','2014-09-25 15:32:30',246),(4232,'Kocaeli','2014-09-25 15:32:30',246),(4234,'Kutahya','2014-09-25 15:32:30',246),(4235,'Malatya','2014-09-25 15:32:30',246),(4236,'Manisa','2014-09-25 15:32:30',246),(4237,'Kahramanmaras','2014-09-25 15:32:30',246),(4239,'Mugla','2014-09-25 15:32:30',246),(4240,'Mus','2014-09-25 15:32:30',246),(4241,'Nevsehir','2014-09-25 15:32:30',246),(4243,'Ordu','2014-09-25 15:32:30',246),(4244,'Rize','2014-09-25 15:32:30',246),(4245,'Sakarya','2014-09-25 15:32:30',246),(4246,'Samsun','2014-09-25 15:32:30',246),(4248,'Sinop','2014-09-25 15:32:30',246),(4249,'Sivas','2014-09-25 15:32:30',246),(4250,'Tekirdag','2014-09-25 15:32:30',246),(4251,'Tokat','2014-09-25 15:32:30',246),(4252,'Trabzon','2014-09-25 15:32:31',246),(4253,'Tunceli','2014-09-25 15:32:31',246),(4254,'Sanliurfa','2014-09-25 15:32:31',246),(4255,'Usak','2014-09-25 15:32:31',246),(4256,'Van','2014-09-25 15:32:31',246),(4257,'Yozgat','2014-09-25 15:32:31',246),(4258,'Zonguldak','2014-09-25 15:32:31',246),(4259,'Ankara','2014-09-25 15:32:31',246),(4260,'Gumushane','2014-09-25 15:32:31',246),(4261,'Hakkari','2014-09-25 15:32:31',246),(4262,'Konya','2014-09-25 15:32:31',246),(4263,'Mardin','2014-09-25 15:32:31',246),(4264,'Nigde','2014-09-25 15:32:31',246),(4265,'Siirt','2014-09-25 15:32:31',246),(4266,'Aksaray','2014-09-25 15:32:31',246),(4267,'Batman','2014-09-25 15:32:31',246),(4268,'Bayburt','2014-09-25 15:32:31',246),(4269,'Karaman','2014-09-25 15:32:32',246),(4270,'Kirikkale','2014-09-25 15:32:32',246),(4271,'Sirnak','2014-09-25 15:32:32',246),(4272,'Fu-chien','2014-09-25 15:32:32',236),(4273,'Kao-hsiung','2014-09-25 15:32:32',236),(4274,'T\'ai-pei','2014-09-25 15:32:32',236),(4275,'T\'ai-wan','2014-09-25 15:32:32',236),(4276,'Arusha','2014-09-25 15:32:32',238),(4277,'Dar es Salaam','2014-09-25 15:32:32',238),(4278,'Dodoma','2014-09-25 15:32:32',238),(4279,'Iringa','2014-09-25 15:32:32',238),(4280,'Kigoma','2014-09-25 15:32:32',238),(4281,'Kilimanjaro','2014-09-25 15:32:32',238),(4282,'Lindi','2014-09-25 15:32:32',238),(4283,'Mara','2014-09-25 15:32:33',238),(4284,'Mbeya','2014-09-25 15:32:33',238),(4285,'Morogoro','2014-09-25 15:32:33',238),(4286,'Mtwara','2014-09-25 15:32:33',238),(4287,'Mwanza','2014-09-25 15:32:33',238),(4288,'Pemba North','2014-09-25 15:32:33',238),(4289,'Ruvuma','2014-09-25 15:32:33',238),(4290,'Shinyanga','2014-09-25 15:32:33',238),(4291,'Singida','2014-09-25 15:32:33',238),(4292,'Tabora','2014-09-25 15:32:33',238),(4293,'Tanga','2014-09-25 15:32:33',238),(4294,'Kagera','2014-09-25 15:32:33',238),(4295,'Pemba South','2014-09-25 15:32:33',238),(4296,'Zanzibar Central//South','2014-09-25 15:32:33',238),(4297,'Zanzibar North','2014-09-25 15:32:33',238),(4298,'Rukwa','2014-09-25 15:32:34',238),(4299,'Zanzibar Urban//West','2014-09-25 15:32:34',238),(4300,'Apac','2014-09-25 15:32:34',250),(4301,'Arua','2014-09-25 15:32:34',250),(4302,'Bundibogyo','2014-09-25 15:32:34',250),(4303,'Bushenyi','2014-09-25 15:32:34',250),(4304,'Gulu','2014-09-25 15:32:34',250),(4305,'Hoima','2014-09-25 15:32:34',250),(4306,'Iganga','2014-09-25 15:32:34',250),(4307,'Jinja','2014-09-25 15:32:34',250),(4308,'Kabale','2014-09-25 15:32:34',250),(4309,'Kabarole','2014-09-25 15:32:34',250),(4310,'Kalangala','2014-09-25 15:32:34',250),(4311,'Kampala','2014-09-25 15:32:34',250),(4312,'Kamuli','2014-09-25 15:32:34',250),(4313,'Kapchorwa','2014-09-25 15:32:34',250),(4314,'Kasese','2014-09-25 15:32:34',250),(4315,'Kibale','2014-09-25 15:32:34',250),(4316,'Kiboga','2014-09-25 15:32:35',250),(4317,'Kisoro','2014-09-25 15:32:35',250),(4318,'Kitgum','2014-09-25 15:32:35',250),(4319,'Kotido','2014-09-25 15:32:35',250),(4320,'Kumi','2014-09-25 15:32:35',250),(4321,'Lira','2014-09-25 15:32:35',250),(4322,'Luwero','2014-09-25 15:32:35',250),(4323,'Masaka','2014-09-25 15:32:35',250),(4324,'Masindi','2014-09-25 15:32:35',250),(4325,'Mbale','2014-09-25 15:32:35',250),(4326,'Mbarara','2014-09-25 15:32:35',250),(4327,'Moroto','2014-09-25 15:32:35',250),(4328,'Moyo','2014-09-25 15:32:35',250),(4329,'Mpigi','2014-09-25 15:32:36',250),(4330,'Mubende','2014-09-25 15:32:36',250),(4331,'Mukono','2014-09-25 15:32:36',250),(4332,'Nebbi','2014-09-25 15:32:36',250),(4333,'Ntungamo','2014-09-25 15:32:36',250),(4334,'Pallisa','2014-09-25 15:32:36',250),(4335,'Rakai','2014-09-25 15:32:36',250),(4336,'Rukungiri','2014-09-25 15:32:36',250),(4337,'Soroti','2014-09-25 15:32:36',250),(4338,'Tororo','2014-09-25 15:32:36',250),(4431,'Cherkas\'ka Oblast\'','2014-09-25 15:32:36',251),(4432,'Chernihivs\'ka Oblast\'','2014-09-25 15:32:36',251),(4433,'Chernivets\'ka Oblast\'','2014-09-25 15:32:36',251),(4434,'Dnipropetrovs\'ka Oblast\'','2014-09-25 15:32:36',251),(4435,'Donets\'ka Oblast\'','2014-09-25 15:32:36',251),(4436,'Ivano-Frankivs\'ka Oblast\'','2014-09-25 15:32:37',251),(4437,'Kharkivs\'ka Oblast\'','2014-09-25 15:32:38',251),(4438,'Khersons\'ka Oblast\'','2014-09-25 15:32:38',251),(4439,'Khmel\'nyts\'ka Oblast\'','2014-09-25 15:32:38',251),(4440,'Kirovohrads\'ka Oblast\'','2014-09-25 15:32:38',251),(4441,'Avtonomna Respublika Krym','2014-09-25 15:32:38',251),(4442,'Misto Kyyiv','2014-09-25 15:32:38',251),(4443,'Kyyivs\'ka Oblast\'','2014-09-25 15:32:38',251),(4444,'Luhans\'ka Oblast\'','2014-09-25 15:32:38',251),(4445,'L\'vivs\'ka Oblast\'','2014-09-25 15:32:38',251),(4446,'Mykolayivs\'ka Oblast\'','2014-09-25 15:32:38',251),(4447,'Odes\'ka Oblast','2014-09-25 15:32:38',251),(4448,'Poltavs\'ka Oblast\'','2014-09-25 15:32:38',251),(4449,'Rivnens\'ka Oblast\'','2014-09-25 15:32:38',251),(4450,'Misto Sevastopol','2014-09-25 15:32:38',251),(4451,'Sums\'ka Oblast\'','2014-09-25 15:32:38',251),(4452,'Ternopil\'s\'ka Oblast\'','2014-09-25 15:32:38',251),(4453,'Vinnyts\'ka Oblast\'','2014-09-25 15:32:38',251),(4454,'Volyns\'ka Oblast\'','2014-09-25 15:32:38',251),(4455,'Zakarpats\'ka Oblast\'','2014-09-25 15:32:38',251),(4456,'Zaporiz\'ka Oblast\'','2014-09-25 15:32:39',251),(4457,'Zhytomyrs\'ka Oblast\'','2014-09-25 15:32:39',251),(4458,'Bam','2014-09-25 15:32:39',38),(4459,'Bazega','2014-09-25 15:32:39',38),(4460,'Bougouriba','2014-09-25 15:32:39',38),(4461,'Boulgou','2014-09-25 15:32:39',38),(4462,'Boulkiemde','2014-09-25 15:32:39',38),(4463,'Ganzourgou','2014-09-25 15:32:39',38),(4464,'Gnagna','2014-09-25 15:32:39',38),(4465,'Gourma','2014-09-25 15:32:39',38),(4466,'Houe','2014-09-25 15:32:39',38),(4467,'Kadiogo','2014-09-25 15:32:39',38),(4468,'Kenedougou','2014-09-25 15:32:39',38),(4469,'Komoe','2014-09-25 15:32:40',38),(4470,'Kossi','2014-09-25 15:32:40',38),(4471,'Kouritenga','2014-09-25 15:32:40',38),(4472,'Mouhoun','2014-09-25 15:32:40',38),(4473,'Namentenga','2014-09-25 15:32:40',38),(4474,'Naouri','2014-09-25 15:32:40',38),(4475,'Oubritenga','2014-09-25 15:32:40',38),(4476,'Oudalan','2014-09-25 15:32:40',38),(4477,'Passore','2014-09-25 15:32:40',38),(4478,'Poni','2014-09-25 15:32:40',38),(4479,'Sanguie','2014-09-25 15:32:40',38),(4480,'Sanmatenga','2014-09-25 15:32:40',38),(4481,'Seno','2014-09-25 15:32:40',38),(4482,'Sissili','2014-09-25 15:32:40',38),(4483,'Soum','2014-09-25 15:32:40',38),(4484,'Sourou','2014-09-25 15:32:40',38),(4485,'Tapoa','2014-09-25 15:32:40',38),(4486,'Yatenga','2014-09-25 15:32:40',38),(4487,'Zoundweogo','2014-09-25 15:32:40',38),(4488,'Artigas','2014-09-25 15:32:41',256),(4489,'Canelones','2014-09-25 15:32:41',256),(4490,'Cerro Largo','2014-09-25 15:32:41',256),(4491,'Colonia','2014-09-25 15:32:41',256),(4492,'Durazno','2014-09-25 15:32:41',256),(4493,'Flores','2014-09-25 15:32:41',256),(4494,'Florida','2014-09-25 15:32:41',256),(4495,'Lavalleja','2014-09-25 15:32:41',256),(4496,'Maldonado','2014-09-25 15:32:41',256),(4497,'Montevideo','2014-09-25 15:32:41',256),(4498,'Paysandu','2014-09-25 15:32:41',256),(4499,'Rio Negro','2014-09-25 15:32:41',256),(4500,'Rivera','2014-09-25 15:32:41',256),(4501,'Rocha','2014-09-25 15:32:41',256),(4502,'Salto','2014-09-25 15:32:41',256),(4503,'San Jose','2014-09-25 15:32:42',256),(4504,'Soriano','2014-09-25 15:32:42',256),(4505,'Tacuarembo','2014-09-25 15:32:42',256),(4506,'Treinta y Tres','2014-09-25 15:32:42',256),(4507,'Andijon','2014-09-25 15:32:42',257),(4508,'Bukhoro','2014-09-25 15:32:42',257),(4509,'Farghona','2014-09-25 15:32:42',257),(4510,'Jizzakh','2014-09-25 15:32:42',257),(4511,'Khorazm','2014-09-25 15:32:42',257),(4512,'Namangan','2014-09-25 15:32:42',257),(4513,'Nawoiy','2014-09-25 15:32:43',257),(4514,'Qashqadaryo','2014-09-25 15:32:43',257),(4515,'Qoraqalpoghiston','2014-09-25 15:32:43',257),(4516,'Samarqand','2014-09-25 15:32:43',257),(4517,'Sirdaryo','2014-09-25 15:32:43',257),(4518,'Surkhondaryo','2014-09-25 15:32:43',257),(4519,'Toshkent','2014-09-25 15:32:44',257),(4520,'Charlotte','2014-09-25 15:32:44',209),(4521,'Saint Andrew','2014-09-25 15:32:44',209),(4522,'Saint David','2014-09-25 15:32:44',209),(4523,'Saint George','2014-09-25 15:32:44',209),(4524,'Saint Patrick','2014-09-25 15:32:44',209),(4525,'Grenadines','2014-09-25 15:32:44',209),(4526,'Amazonas','2014-09-25 15:32:44',259),(4527,'Anzoategui','2014-09-25 15:32:44',259),(4528,'Apure','2014-09-25 15:32:44',259),(4529,'Aragua','2014-09-25 15:32:44',259),(4530,'Barinas','2014-09-25 15:32:44',259),(4531,'Bolivar','2014-09-25 15:32:44',259),(4532,'Carabobo','2014-09-25 15:32:44',259),(4533,'Cojedes','2014-09-25 15:32:44',259),(4534,'Delta Amacuro','2014-09-25 15:32:44',259),(4535,'Distrito Federal','2014-09-25 15:32:44',259),(4536,'Falcon','2014-09-25 15:32:44',259),(4537,'Guarico','2014-09-25 15:32:44',259),(4538,'Lara','2014-09-25 15:32:45',259),(4539,'Merida','2014-09-25 15:32:45',259),(4540,'Miranda','2014-09-25 15:32:45',259),(4541,'Monagas','2014-09-25 15:32:45',259),(4542,'Nueva Esparta','2014-09-25 15:32:45',259),(4543,'Portuguesa','2014-09-25 15:32:45',259),(4544,'Sucre','2014-09-25 15:32:45',259),(4545,'Tachira','2014-09-25 15:32:45',259),(4546,'Trujillo','2014-09-25 15:32:45',259),(4547,'Yaracuy','2014-09-25 15:32:45',259),(4548,'Zulia','2014-09-25 15:32:45',259),(4549,'Dependencias Federales','2014-09-25 15:32:45',259),(4551,'An Giang','2014-09-25 15:32:45',260),(4553,'Ben Tre','2014-09-25 15:32:45',260),(4555,'Cao Bang','2014-09-25 15:32:45',260),(4557,'Dak Lak','2014-09-25 15:32:45',260),(4558,'Dong Thap','2014-09-25 15:32:45',260),(4562,'Hai Phong','2014-09-25 15:32:45',260),(4564,'Ha Noi','2014-09-25 15:32:45',260),(4568,'Ho Chi Minh','2014-09-25 15:32:46',260),(4569,'Kien Giang','2014-09-25 15:32:46',260),(4570,'Lai Chau','2014-09-25 15:32:46',260),(4571,'Lam Dong','2014-09-25 15:32:46',260),(4572,'Long An','2014-09-25 15:32:46',260),(4578,'Quang Ninh','2014-09-25 15:32:46',260),(4580,'Son La','2014-09-25 15:32:46',260),(4581,'Tay Ninh','2014-09-25 15:32:46',260),(4582,'Thanh Hoa','2014-09-25 15:32:46',260),(4583,'Thai Binh','2014-09-25 15:32:46',260),(4585,'Tien Giang','2014-09-25 15:32:46',260),(4587,'Lang Son','2014-09-25 15:32:46',260),(4590,'Dong Nai','2014-09-25 15:32:46',260),(4591,'Ba Ria-Vung Tau','2014-09-25 15:32:46',260),(4592,'Binh Dinh','2014-09-25 15:32:46',260),(4593,'Binh Thuan','2014-09-25 15:32:46',260),(4594,'Can Tho','2014-09-25 15:32:46',260),(4595,'Gia Lai','2014-09-25 15:32:46',260),(4596,'Ha Giang','2014-09-25 15:32:47',260),(4597,'Ha Tay','2014-09-25 15:32:47',260),(4598,'Ha Tinh','2014-09-25 15:32:47',260),(4599,'Hoa Binh','2014-09-25 15:32:47',260),(4600,'Khanh Hoa','2014-09-25 15:32:47',260),(4601,'Kon Tum','2014-09-25 15:32:47',260),(4602,'Lao Cai','2014-09-25 15:32:47',260),(4604,'Nghe An','2014-09-25 15:32:47',260),(4605,'Ninh Binh','2014-09-25 15:32:47',260),(4606,'Ninh Thuan','2014-09-25 15:32:47',260),(4607,'Phu Yen','2014-09-25 15:32:47',260),(4608,'Quang Binh','2014-09-25 15:32:47',260),(4609,'Quang Ngai','2014-09-25 15:32:47',260),(4610,'Quang Tri','2014-09-25 15:32:47',260),(4611,'Soc Trang','2014-09-25 15:32:47',260),(4612,'Thura Thien-Hue','2014-09-25 15:32:47',260),(4613,'Tra Vinh','2014-09-25 15:32:47',260),(4614,'Tuyen Quang','2014-09-25 15:32:48',260),(4615,'Vinh Long','2014-09-25 15:32:49',260),(4616,'Yen Bai','2014-09-25 15:32:49',260),(4617,'Bac Giang','2014-09-25 15:32:49',260),(4618,'Bac Kan','2014-09-25 15:32:49',260),(4619,'Bac Lieu','2014-09-25 15:32:49',260),(4620,'Bac Ninh','2014-09-25 15:32:49',260),(4621,'Bin Duong','2014-09-25 15:32:49',260),(4622,'Bin Phuoc','2014-09-25 15:32:49',260),(4623,'Ca Mau','2014-09-25 15:32:49',260),(4624,'Da Nang','2014-09-25 15:32:49',260),(4625,'Hai Duong','2014-09-25 15:32:49',260),(4626,'Ha Nam','2014-09-25 15:32:49',260),(4627,'Hung Yen','2014-09-25 15:32:49',260),(4628,'Nam Dinh','2014-09-25 15:32:49',260),(4629,'Phu Tho','2014-09-25 15:32:49',260),(4630,'Quang Nam','2014-09-25 15:32:49',260),(4631,'Thai Nguyen','2014-09-25 15:32:49',260),(4632,'Vinh Phuc','2014-09-25 15:32:49',260),(4635,'Khomas','2014-09-25 15:32:49',171),(4636,'Caprivi','2014-09-25 15:32:50',171),(4637,'Erongo','2014-09-25 15:32:50',171),(4638,'Hardap','2014-09-25 15:32:50',171),(4639,'Karas','2014-09-25 15:32:50',171),(4640,'Kunene','2014-09-25 15:32:50',171),(4641,'Ohangwena','2014-09-25 15:32:50',171),(4642,'Okavango','2014-09-25 15:32:50',171),(4643,'Omaheke','2014-09-25 15:32:50',171),(4644,'Omusati','2014-09-25 15:32:50',171),(4645,'Oshana','2014-09-25 15:32:50',171),(4646,'Oshikoto','2014-09-25 15:32:50',171),(4647,'Otjozondjupa','2014-09-25 15:32:50',171),(4648,'A\'ana','2014-09-25 15:32:50',210),(4649,'Aiga-i-le-Tai','2014-09-25 15:32:50',210),(4650,'Atua','2014-09-25 15:32:50',210),(4651,'Fa\'asaleleaga','2014-09-25 15:32:50',210),(4652,'Gaga\'emauga','2014-09-25 15:32:50',210),(4653,'Va\'a-o-Fonoti','2014-09-25 15:32:50',210),(4654,'Gagaifomauga','2014-09-25 15:32:51',210),(4655,'Palauli','2014-09-25 15:32:51',210),(4656,'Satupa\'itea','2014-09-25 15:32:51',210),(4657,'Tuamasaga','2014-09-25 15:32:51',210),(4658,'Vaisigano','2014-09-25 15:32:51',210),(4659,'Hhohho','2014-09-25 15:32:51',232),(4660,'Lubombo','2014-09-25 15:32:51',232),(4661,'Manzini','2014-09-25 15:32:51',232),(4662,'Shiselweni','2014-09-25 15:32:51',232),(4663,'Abyan','2014-09-25 15:32:51',270),(4664,'\'Adan','2014-09-25 15:32:51',270),(4665,'Al Mahrah','2014-09-25 15:32:51',270),(4666,'Hadramawt','2014-09-25 15:32:51',270),(4667,'Shabwah','2014-09-25 15:32:51',270),(4668,'Lahij','2014-09-25 15:32:51',270),(4669,'Al Bayda\'','2014-09-25 15:32:51',270),(4670,'Al Hudaydah','2014-09-25 15:32:51',270),(4671,'Al Jawf','2014-09-25 15:32:51',270),(4672,'Al Mahwit','2014-09-25 15:32:51',270),(4673,'Dhamar','2014-09-25 15:32:51',270),(4674,'Hajjah','2014-09-25 15:32:52',270),(4675,'Ibb','2014-09-25 15:32:52',270),(4676,'Ma\'rib','2014-09-25 15:32:52',270),(4677,'Sa\'dah','2014-09-25 15:32:52',270),(4678,'San\'a\'','2014-09-25 15:32:52',270),(4679,'Ta\'izz','2014-09-25 15:32:52',270),(4680,'North-Western','2014-09-25 15:32:52',273),(4681,'Copperbelt','2014-09-25 15:32:52',273),(4682,'Western','2014-09-25 15:32:52',273),(4683,'Southern','2014-09-25 15:32:52',273),(4684,'Central','2014-09-25 15:32:52',273),(4685,'Eastern','2014-09-25 15:32:52',273),(4686,'Northern','2014-09-25 15:32:52',273),(4687,'Luapula','2014-09-25 15:32:52',273),(4688,'Lusaka','2014-09-25 15:32:52',273),(4689,'Manicaland','2014-09-25 15:32:52',274),(4690,'Midlands','2014-09-25 15:32:52',274),(4691,'Mashonaland Central','2014-09-25 15:32:52',274),(4692,'Mashonaland East','2014-09-25 15:32:52',274),(4693,'Mashonaland West','2014-09-25 15:32:52',274),(4694,'Matabeleland North','2014-09-25 15:32:52',274),(4695,'Matabeleland South','2014-09-25 15:32:52',274),(4696,'Masvingo','2014-09-25 15:32:53',274),(4706,'Auckland','2014-09-25 15:32:53',178),(4721,'Wellington','2014-09-25 15:32:53',178),(4723,'Canterbury','2014-09-25 15:32:53',178),(4729,'Bay of Plenty','2014-09-25 15:32:53',178),(4741,'Northland','2014-09-25 15:32:53',178),(4744,'Otago','2014-09-25 15:32:53',178),(4761,'Enderby Land','2014-09-25 15:32:53',8),(4763,'Ross Island','2014-09-25 15:32:53',8),(4814,'Chatham Islands','2014-09-25 15:32:53',178),(4879,'Etela-Suomen Laani','2014-09-25 15:32:53',81),(4975,'Nouakchott','2014-09-25 15:32:53',156),(4996,'Nunavut','2014-09-25 15:32:53',43),(4997,'United Arab Emigrates (general)','2014-09-25 15:32:54',252),(4998,'Abu Zaby','2014-09-25 15:32:54',252),(4999,'\'Ajman','2014-09-25 15:32:54',252),(5002,'Dubayy','2014-09-25 15:32:54',252),(5003,'Al Fujayrah','2014-09-25 15:32:54',252),(5004,'Ra\'s al Khaymah','2014-09-25 15:32:54',252),(5005,'Ash Shariqah','2014-09-25 15:32:54',252),(5006,'Umm al Qaywayn','2014-09-25 15:32:54',252),(5007,'Gisborne','2014-09-25 15:32:54',178),(5010,'Nelson','2014-09-25 15:32:54',178),(5018,'Tasman','2014-09-25 15:32:54',178),(5019,'Wanganui-Manawatu','2014-09-25 15:32:54',178),(5020,'West Coast','2014-09-25 15:32:54',178),(5022,'Ita-Suomen Laani','2014-09-25 15:32:54',81),(5023,'Lansi-Suomen Laani','2014-09-25 15:32:54',81),(5024,'Yugoslavia','2014-09-25 15:32:54',271),(5025,'Bjelovarsko-Bilogorska','2014-09-25 15:32:54',61),(5026,'Brodsko-Posavka','2014-09-25 15:32:54',61),(5027,'Dubrovacko-Neretvanska','2014-09-25 15:32:54',61),(5028,'Istarska','2014-09-25 15:32:55',61),(5029,'Karlovacka','2014-09-25 15:32:55',61),(5030,'Koprivnicko-Krizevacka','2014-09-25 15:32:55',61),(5031,'Krapinsko-Zagorska','2014-09-25 15:32:55',61),(5032,'Licko-Senjska','2014-09-25 15:32:55',61),(5033,'Medimurska','2014-09-25 15:32:55',61),(5034,'Osjecko-Baranjska','2014-09-25 15:32:55',61),(5035,'Pozesko-Slavonska','2014-09-25 15:32:55',61),(5036,'Primorsko-Goranska','2014-09-25 15:32:55',61),(5037,'Sibensko-Kninska','2014-09-25 15:32:55',61),(5038,'Sisacko-Moslavacka','2014-09-25 15:32:55',61),(5039,'Splitsko-Dalmatinska','2014-09-25 15:32:55',61),(5040,'Varazdinska','2014-09-25 15:32:55',61),(5041,'Viroviticko-Podravska','2014-09-25 15:32:55',61),(5042,'Vukovarsko-Srijemska','2014-09-25 15:32:55',61),(5043,'Zadarska','2014-09-25 15:32:55',61),(5044,'Zagrebacka','2014-09-25 15:32:55',61),(5045,'Grad Zagreb','2014-09-25 15:32:55',61),(5047,'Curacao','2014-09-25 15:32:55',176),(5048,'Bonaire','2014-09-25 15:32:55',176),(5049,'St Maarten','2014-09-25 15:32:55',176),(5051,'Brussels','2014-09-25 15:32:55',24),(5052,'Escaldes-Engordany','2014-09-25 15:32:55',5),(5053,'Ahal','2014-09-25 15:32:56',247),(5054,'Balkan','2014-09-25 15:32:56',247),(5055,'Dashhowuz','2014-09-25 15:32:56',247),(5056,'Lebap','2014-09-25 15:32:56',247),(5057,'Mary','2014-09-25 15:32:56',247),(5058,'Pailin','2014-09-25 15:32:56',41),(5059,'Orellana','2014-09-25 15:32:56',70),(5060,'Maluku Utara','2014-09-25 15:32:56',114),(5061,'Vargas','2014-09-25 15:32:56',259),(5062,'Crna Gora (Montenegro)','2014-09-25 15:32:56',271),(5063,'Srbija (Serbia)','2014-09-25 15:32:56',271),(5064,'Maniema','2014-09-25 15:32:56',55),(5065,'Nord-Kivu','2014-09-25 15:32:56',55),(5066,'Sud-Kivu','2014-09-25 15:32:56',55),(5067,'Ajlun','2014-09-25 15:32:56',126),(5068,'Al Aqabah','2014-09-25 15:32:57',126),(5069,'Jarash','2014-09-25 15:32:57',126),(5070,'Madaba','2014-09-25 15:32:57',126),(5071,'Malampa','2014-09-25 15:32:57',258),(5072,'Penama','2014-09-25 15:32:57',258),(5073,'Shefa','2014-09-25 15:32:57',258),(5074,'Bayelsa','2014-09-25 15:32:57',181),(5075,'Ebonyi','2014-09-25 15:32:57',181),(5079,'Ekiti','2014-09-25 15:32:57',181),(5080,'Gombe','2014-09-25 15:32:57',181),(5081,'Nassarawa','2014-09-25 15:32:57',181),(5082,'Zamfara','2014-09-25 15:32:57',181),(5083,'Lapusna','2014-09-25 15:32:57',163),(5084,'Tighina','2014-09-25 15:32:57',163),(5085,'Blagoevgrad','2014-09-25 15:32:57',37),(5086,'Dobrich','2014-09-25 15:32:57',37),(5087,'Gabrovo ','2014-09-25 15:32:57',37),(5088,'Kurdzhali','2014-09-25 15:32:58',37),(5089,'Kyustendil','2014-09-25 15:32:58',37),(5090,'Pazardzhik','2014-09-25 15:32:58',37),(5091,'Pernik','2014-09-25 15:32:58',37),(5092,'Pleven','2014-09-25 15:32:58',37),(5093,'Ruse','2014-09-25 15:32:58',37),(5094,'Shumen','2014-09-25 15:32:58',37),(5095,'Silistra','2014-09-25 15:32:58',37),(5096,'Sliven','2014-09-25 15:32:58',37),(5097,'Smolyan','2014-09-25 15:32:58',37),(5098,'Stara Zagora','2014-09-25 15:32:58',37),(5099,'Turgovishte','2014-09-25 15:32:58',37),(5100,'Veliko Turnovo','2014-09-25 15:32:58',37),(5101,'Vidin','2014-09-25 15:32:58',37),(5102,'Vratsa','2014-09-25 15:32:58',37),(5103,'Yambol','2014-09-25 15:32:58',37),(5104,'Golestan','2014-09-25 15:32:58',115),(5105,'Qazvin','2014-09-25 15:32:58',115),(5106,'Qom','2014-09-25 15:32:58',115),(5107,'Ardahan','2014-09-25 15:32:58',246),(5108,'Bartin','2014-09-25 15:32:59',246),(5109,'Igdir','2014-09-25 15:32:59',246),(5110,'Karabuk','2014-09-25 15:32:59',246),(5111,'Kilis','2014-09-25 15:32:59',246),(5112,'Osmaniye','2014-09-25 15:32:59',246),(5113,'Yalova','2014-09-25 15:32:59',246),(5114,'Ar Rifa\' wa al Mintaqah al Janubiyah','2014-09-25 15:32:59',18),(5115,'Republika Srpska','2014-09-25 15:32:59',30),(5116,'Federation of Bosnia and Herzegovina','2014-09-25 15:33:00',30),(5118,'Batken','2014-09-25 15:33:00',135),(5119,'P\'yongan-bukto','2014-09-25 15:33:00',132),(5120,'Tyva','2014-09-25 15:33:00',203),(5122,'Jihomoravsky Kraj','2014-09-25 15:33:00',64),(5123,'Jihocesky Kraj','2014-09-25 15:33:00',64),(5124,'Vysocina','2014-09-25 15:33:00',64),(5125,'Karlovarsky Kraj','2014-09-25 15:33:00',64),(5126,'Kralovehradecky Kraj','2014-09-25 15:33:00',64),(5127,'Liberecky Kraj','2014-09-25 15:33:00',64),(5128,'Olomoucky Kraj','2014-09-25 15:33:00',64),(5129,'Moravskoslezsky Kraj','2014-09-25 15:33:00',64),(5130,'Pardubicky Kraj','2014-09-25 15:33:00',64),(5131,'Plzensky Kraj','2014-09-25 15:33:00',64),(5132,'Stredocesky Kraj','2014-09-25 15:33:00',64),(5133,'Ustecky Kraj','2014-09-25 15:33:00',64),(5134,'Zlinsky Kraj','2014-09-25 15:33:00',64),(5135,'Aracinovo','2014-09-25 15:33:00',146),(5136,'Bac','2014-09-25 15:33:00',146),(5137,'Belcista','2014-09-25 15:33:00',146),(5138,'Berovo','2014-09-25 15:33:00',146),(5139,'Bistrica','2014-09-25 15:33:00',146),(5140,'Bitola','2014-09-25 15:33:00',146),(5141,'Blatec','2014-09-25 15:33:01',146),(5142,'Bogdanci','2014-09-25 15:33:01',146),(5143,'Bogomila','2014-09-25 15:33:01',146),(5144,'Bogovinje','2014-09-25 15:33:01',146),(5145,'Bosilovo','2014-09-25 15:33:01',146),(5146,'Brvenica','2014-09-25 15:33:01',146),(5147,'Cair','2014-09-25 15:33:01',146),(5148,'Capari','2014-09-25 15:33:01',146),(5149,'Caska','2014-09-25 15:33:01',146),(5150,'Cegrane','2014-09-25 15:33:01',146),(5151,'Centar','2014-09-25 15:33:01',146),(5152,'Centar Zupa','2014-09-25 15:33:01',146),(5153,'Cesinovo','2014-09-25 15:33:01',146),(5154,'Cucer-Sandevo','2014-09-25 15:33:01',146),(5155,'Debar','2014-09-25 15:33:02',146),(5156,'Delcevo','2014-09-25 15:33:02',146),(5157,'Delogozdi','2014-09-25 15:33:02',146),(5158,'Demir Hisar','2014-09-25 15:33:02',146),(5159,'Demir Kapija','2014-09-25 15:33:02',146),(5160,'Dobrusevo','2014-09-25 15:33:02',146),(5161,'Dolna Banjica','2014-09-25 15:33:02',146),(5162,'Dolneni','2014-09-25 15:33:02',146),(5163,'Dorce Petrov','2014-09-25 15:33:02',146),(5164,'Drugovo','2014-09-25 15:33:02',146),(5165,'Dzepciste','2014-09-25 15:33:02',146),(5166,'Gazi Baba','2014-09-25 15:33:02',146),(5167,'Gevgelija','2014-09-25 15:33:02',146),(5168,'Gostivar','2014-09-25 15:33:02',146),(5169,'Gradsko','2014-09-25 15:33:02',146),(5170,'Ilinden','2014-09-25 15:33:02',146),(5171,'Izvor','2014-09-25 15:33:03',146),(5172,'Jegunovce','2014-09-25 15:33:03',146),(5173,'Kamenjane','2014-09-25 15:33:03',146),(5174,'Karbinci','2014-09-25 15:33:03',146),(5175,'Karpos','2014-09-25 15:33:03',146),(5176,'Kavadarci','2014-09-25 15:33:03',146),(5177,'Kicevo','2014-09-25 15:33:03',146),(5178,'Kisela Voda','2014-09-25 15:33:03',146),(5179,'Klecevce','2014-09-25 15:33:03',146),(5180,'Kocani','2014-09-25 15:33:03',146),(5181,'Konce','2014-09-25 15:33:03',146),(5182,'Kondovo','2014-09-25 15:33:03',146),(5183,'Konopiste','2014-09-25 15:33:03',146),(5184,'Kosel','2014-09-25 15:33:03',146),(5185,'Kartovo','2014-09-25 15:33:03',146),(5186,'Kriva Palanka','2014-09-25 15:33:04',146),(5187,'Krivogastani','2014-09-25 15:33:04',146),(5188,'Krusevo','2014-09-25 15:33:04',146),(5189,'Kuklis','2014-09-25 15:33:04',146),(5190,'Kukurecani','2014-09-25 15:33:04',146),(5191,'Kumanovo','2014-09-25 15:33:04',146),(5192,'Labunista','2014-09-25 15:33:04',146),(5193,'Lipkovo','2014-09-25 15:33:04',146),(5194,'Lozovo','2014-09-25 15:33:04',146),(5195,'Lukovo','2014-09-25 15:33:04',146),(5196,'Makedonska Kamenica','2014-09-25 15:33:04',146),(5197,'Makedonski Brod','2014-09-25 15:33:04',146),(5198,'Mavrovi Anovi','2014-09-25 15:33:04',146),(5199,'Meseista','2014-09-25 15:33:04',146),(5200,'Miravci','2014-09-25 15:33:04',146),(5201,'Mogila','2014-09-25 15:33:05',146),(5202,'Murtino','2014-09-25 15:33:05',146),(5203,'Negotino','2014-09-25 15:33:05',146),(5204,'Negotino-Polosko','2014-09-25 15:33:05',146),(5205,'Novaci','2014-09-25 15:33:05',146),(5206,'Novo Selo','2014-09-25 15:33:05',146),(5207,'Oblesevo','2014-09-25 15:33:05',146),(5208,'Ohrid','2014-09-25 15:33:05',146),(5209,'Orasac','2014-09-25 15:33:05',146),(5210,'Orizari','2014-09-25 15:33:05',146),(5211,'Oslomej','2014-09-25 15:33:05',146),(5212,'Pehcevo','2014-09-25 15:33:05',146),(5213,'Petrovec','2014-09-25 15:33:05',146),(5214,'Plasnica','2014-09-25 15:33:05',146),(5215,'Podares','2014-09-25 15:33:05',146),(5216,'Prilep','2014-09-25 15:33:05',146),(5217,'Probistip','2014-09-25 15:33:05',146),(5218,'Radovis','2014-09-25 15:33:06',146),(5219,'Rankovce','2014-09-25 15:33:06',146),(5220,'Resen','2014-09-25 15:33:06',146),(5221,'Rosoman','2014-09-25 15:33:06',146),(5222,'Rostusa','2014-09-25 15:33:06',146),(5223,'Samokov','2014-09-25 15:33:06',146),(5224,'Saraj','2014-09-25 15:33:06',146),(5225,'Sipkovica','2014-09-25 15:33:06',146),(5226,'Sopiste','2014-09-25 15:33:06',146),(5227,'Sopotnica','2014-09-25 15:33:06',146),(5228,'Srbinovo','2014-09-25 15:33:06',146),(5229,'Staravina','2014-09-25 15:33:06',146),(5230,'Star Dojran','2014-09-25 15:33:06',146),(5231,'Star Nagoricane','2014-09-25 15:33:06',146),(5232,'Stip','2014-09-25 15:33:06',146),(5233,'Struga','2014-09-25 15:33:06',146),(5234,'Strumica','2014-09-25 15:33:06',146),(5235,'Studenicani','2014-09-25 15:33:06',146),(5236,'Suto Orizari','2014-09-25 15:33:07',146),(5237,'Sveti Nikole','2014-09-25 15:33:07',146),(5238,'Tearce','2014-09-25 15:33:07',146),(5239,'Tetovo','2014-09-25 15:33:07',146),(5240,'Topolcani','2014-09-25 15:33:07',146),(5241,'Valandovo','2014-09-25 15:33:07',146),(5242,'Vasilevo','2014-09-25 15:33:07',146),(5243,'Veles','2014-09-25 15:33:07',146),(5244,'Velesta','2014-09-25 15:33:07',146),(5245,'Vevcani','2014-09-25 15:33:07',146),(5246,'Vinica','2014-09-25 15:33:07',146),(5247,'Vitoliste','2014-09-25 15:33:07',146),(5248,'Vranestica','2014-09-25 15:33:07',146),(5249,'Vrapciste','2014-09-25 15:33:08',146),(5250,'Vratnica','2014-09-25 15:33:08',146),(5251,'Vrutok','2014-09-25 15:33:08',146),(5252,'Zajas','2014-09-25 15:33:08',146),(5253,'Zelenikovo','2014-09-25 15:33:08',146),(5254,'Zelino','2014-09-25 15:33:08',146),(5255,'Zitose','2014-09-25 15:33:08',146),(5256,'Zletovo','2014-09-25 15:33:08',146),(5257,'Zrnovci','2014-09-25 15:33:08',146),(5258,'Kosovo','2014-09-25 15:33:08',271),(5259,'Uttaranchal','2014-09-25 15:33:08',113),(5260,'AOL','2014-09-25 15:33:08',254),(5261,'WebTV','2014-09-25 15:33:08',254),(5262,'AOL','2014-09-25 15:33:08',14),(5263,'AOL','2014-09-25 15:33:08',253),(5264,'AOL','2014-09-25 15:33:08',33),(5265,'AOL','2014-09-25 15:33:08',122),(5266,'AOL','2014-09-25 15:33:08',91),(5267,'Chhattisgarh','2014-09-25 15:33:09',113),(5268,'Jharkhand','2014-09-25 15:33:09',113),(5269,'Mwaro','2014-09-25 15:33:09',40),(5270,'Bulawayo','2014-09-25 15:33:09',274),(5271,'Harare','2014-09-25 15:33:09',274),(5272,'Adiake','2014-09-25 15:33:09',60),(5273,'Alepe','2014-09-25 15:33:09',60),(5274,'Bocanda','2014-09-25 15:33:09',60),(5275,'Dabou','2014-09-25 15:33:09',60),(5276,'Grand-Bassam','2014-09-25 15:33:09',60),(5277,'Jacqueville','2014-09-25 15:33:09',60),(5278,'Toulepleu','2014-09-25 15:33:09',60),(5279,'Mandiana','2014-09-25 15:33:09',102),(5280,'Lola','2014-09-25 15:33:09',102),(5281,'Lelouma','2014-09-25 15:33:09',102),(5282,'Koubia','2014-09-25 15:33:10',102),(5283,'Coyah','2014-09-25 15:33:10',102),(5284,'Gorontalo','2014-09-25 15:33:10',114),(5285,'Kepulauan Bangka Belitung','2014-09-25 15:33:10',114),(5286,'Banten','2014-09-25 15:33:10',114),(5287,'Ulsan-gwangyoksi','2014-09-25 15:33:10',133),(5289,'Sembabule','2014-09-25 15:33:10',250),(5290,'Nakasongola','2014-09-25 15:33:10',250),(5291,'Katakwi','2014-09-25 15:33:10',250),(5292,'Busia','2014-09-25 15:33:10',250),(5293,'Bugiri','2014-09-25 15:33:10',250),(5294,'Adjumani','2014-09-25 15:33:10',250),(5295,'Nabatiye','2014-09-25 15:33:10',138),(5296,'Khost','2014-09-25 15:33:10',1),(5297,'Nuristan','2014-09-25 15:33:10',1),(5298,'Sarur','2014-09-25 15:33:10',16),(5299,'Sahbuz','2014-09-25 15:33:10',16),(5300,'Sadarak','2014-09-25 15:33:10',16),(5301,'Ordubud','2014-09-25 15:33:10',16),(5302,'Babak','2014-09-25 15:33:10',16),(5303,'Barisal','2014-09-25 15:33:11',20),(5304,'Sylhet','2014-09-25 15:33:11',20),(5305,'Brabant Wallon','2014-09-25 15:33:11',24),(5306,'Vlaams-Brabant','2014-09-25 15:33:11',24),(5308,'Hamilton','2014-09-25 15:33:11',27),(5309,'Eastern Tutuila','2014-09-25 15:33:11',4),(5310,'Unorganized','2014-09-25 15:33:11',4),(5311,'Western Tutuila','2014-09-25 15:33:11',4),(5312,'Manu\'a','2014-09-25 15:33:11',4),(5313,'Brcko District','2014-09-25 15:33:11',30),(5314,'Tashi Yangtse','2014-09-25 15:33:11',28),(5315,'Gasa','2014-09-25 15:33:11',28),(5316,'Plateau','2014-09-25 15:33:11',26),(5317,'Littoral','2014-09-25 15:33:11',26),(5318,'Donga','2014-09-25 15:33:11',26),(5319,'Couffo','2014-09-25 15:33:11',26),(5320,'Collines','2014-09-25 15:33:12',26),(5321,'Alibori','2014-09-25 15:33:12',26),(5322,'Guria','2014-09-25 15:33:12',90),(5323,'Imereti','2014-09-25 15:33:12',90),(5324,'Kakheti','2014-09-25 15:33:12',90),(5325,'Kvemo Kartli','2014-09-25 15:33:12',90),(5327,'Mtskheta-Mtianeti','2014-09-25 15:33:12',90),(5328,'Racha-Lochkhumi-Kvemo Svaneti','2014-09-25 15:33:12',90),(5329,'Samegrelo-Zemo Svateni','2014-09-25 15:33:12',90),(5330,'Samtskhe-Javakheti','2014-09-25 15:33:12',90),(5331,'Shida Kartli','2014-09-25 15:33:12',90),(5332,'Govi-Sumber','2014-09-25 15:33:12',165),(5333,'Darhan Uul','2014-09-25 15:33:12',165),(5334,'Najin Sonbong-si','2014-09-25 15:33:12',132),(5335,'Anseba','2014-09-25 15:33:12',74),(5336,'Semenawi Keyih Bahri','2014-09-25 15:33:12',74),(5337,'Maekel','2014-09-25 15:33:12',74),(5338,'Gash Barka','2014-09-25 15:33:12',74),(5339,'Debubawi Keyih Bahri','2014-09-25 15:33:13',74),(5340,'Debub','2014-09-25 15:33:13',74),(5341,'Mosteiros','2014-09-25 15:33:13',44),(5342,'Porto Novo','2014-09-25 15:33:13',44),(5343,'Santa Cruz','2014-09-25 15:33:13',44),(5344,'São Domingos','2014-09-25 15:33:13',44),(5345,'São Filipe','2014-09-25 15:33:13',44),(5346,'Balé','2014-09-25 15:33:13',38),(5347,'Banwa','2014-09-25 15:33:13',38),(5348,'Ioba','2014-09-25 15:33:13',38),(5349,'Komondjari','2014-09-25 15:33:13',38),(5350,'Kompienga','2014-09-25 15:33:13',38),(5351,'Koulpélogo','2014-09-25 15:33:13',38),(5352,'Kourwéogo','2014-09-25 15:33:13',38),(5353,'Léraba','2014-09-25 15:33:13',38),(5354,'Loroum','2014-09-25 15:33:14',38),(5355,'Nayala','2014-09-25 15:33:14',38),(5356,'Noumbiel','2014-09-25 15:33:14',38),(5357,'Tui','2014-09-25 15:33:14',38),(5358,'Yagha','2014-09-25 15:33:14',38),(5359,'Ziro','2014-09-25 15:33:14',38),(5360,'Zondoma','2014-09-25 15:33:14',38),(5361,'Carriacou','2014-09-25 15:33:14',97),(5362,'River Gee','2014-09-25 15:33:14',140),(5363,'Gbarpolu','2014-09-25 15:33:14',140),(5364,'Pwani','2014-09-25 15:33:14',238),(5365,'Düzce','2014-09-25 15:33:14',246),(5366,'Manouba','2014-09-25 15:33:14',245),(5367,'Kidal','2014-09-25 15:33:14',151),(5368,'Rota','2014-09-25 15:33:14',184),(5369,'Saipan','2014-09-25 15:33:14',184),(5370,'Tinian','2014-09-25 15:33:14',184),(5371,'Kigali-Ville','2014-09-25 15:33:14',204),(5372,'Umutara','2014-09-25 15:33:14',204),(5373,'Trinité','2014-09-25 15:33:15',155),(5374,'Saint-Pierre','2014-09-25 15:33:15',155),(5375,'Marin','2014-09-25 15:33:15',155),(5376,'Fort-de-France','2014-09-25 15:33:15',155),(5377,'Taraclia','2014-09-25 15:33:15',163),(5378,'Phalombe','2014-09-25 15:33:15',148),(5379,'Likoma','2014-09-25 15:33:15',148),(5380,'Balaka','2014-09-25 15:33:15',148),(5381,'Putrajaya','2014-09-25 15:33:15',149),(5382,'Saint-Laurent-du-Maroni','2014-09-25 15:33:15',84),(5383,'Cayenne','2014-09-25 15:33:15',84),(5384,'Saint Thomas','2014-09-25 15:33:15',261),(5385,'Saint John','2014-09-25 15:33:15',261),(5386,'Saint Croix','2014-09-25 15:33:15',261),(5387,'West Bank','2014-09-25 15:33:15',275),(5388,'Gaza','2014-09-25 15:33:15',275),(5389,'Wales','2014-09-25 15:33:15',253),(5390,'Scotland','2014-09-25 15:33:15',253),(5391,'Northern Ireland','2014-09-25 15:33:16',253),(5392,'England','2014-09-25 15:33:16',253),(5393,'Centre','2014-09-25 15:33:16',240),(5394,'Kara','2014-09-25 15:33:16',240),(5395,'Maritime','2014-09-25 15:33:16',240),(5396,'Plateaux','2014-09-25 15:33:16',240),(5397,'Savanes','2014-09-25 15:33:16',240),(5398,'Imo','2014-09-25 15:33:17',221),(5399,'Katsina','2014-09-25 15:33:17',181),(5400,'Los Rios','2014-09-25 15:30:57',48);
/*!40000 ALTER TABLE `np_region` ENABLE KEYS */;
UNLOCK TABLES;

--
-- Table structure for table `np_relacion`
--

DROP TABLE IF EXISTS `np_relacion`;
/*!40101 SET @saved_cs_client     = @@character_set_client */;
/*!40101 SET character_set_client = utf8 */;
CREATE TABLE `np_relacion` (
  `fec_actu` datetime DEFAULT CURRENT_TIMESTAMP,
  `idUsuario` int(11) NOT NULL,
  `idDifunto` int(11) NOT NULL,
  `idTipoRelacion` int(11) NOT NULL,
  `estado` int(11) DEFAULT NULL COMMENT '1: aprobada',
  `admin` int(11) DEFAULT '0',
  `mensaje` varchar(200) DEFAULT NULL,
  PRIMARY KEY (`idUsuario`,`idDifunto`),
  KEY `fk_NP_RELACION_NP_USUARIO_idx` (`idUsuario`),
  KEY `fk_NP_RELACION_NP_DIFUNTO1_idx` (`idDifunto`),
  KEY `fk_NP_RELACION_NP_TIPO_RELACION1_idx` (`idTipoRelacion`),
  CONSTRAINT `fk_NP_RELACION_NP_DIFUNTO1` FOREIGN KEY (`idDifunto`) REFERENCES `np_difunto` (`id`) ON DELETE NO ACTION ON UPDATE NO ACTION,
  CONSTRAINT `fk_NP_RELACION_NP_TIPO_RELACION1` FOREIGN KEY (`idTipoRelacion`) REFERENCES `np_tipo_relacion` (`id`) ON DELETE NO ACTION ON UPDATE NO ACTION,
  CONSTRAINT `fk_NP_RELACION_NP_USUARIO` FOREIGN KEY (`idUsuario`) REFERENCES `np_usuario` (`id`) ON DELETE NO ACTION ON UPDATE NO ACTION
) ENGINE=InnoDB DEFAULT CHARSET=utf8;
/*!40101 SET character_set_client = @saved_cs_client */;

--
-- Dumping data for table `np_relacion`
--

LOCK TABLES `np_relacion` WRITE;
/*!40000 ALTER TABLE `np_relacion` DISABLE KEYS */;
INSERT INTO `np_relacion` VALUES (NULL,1,1,3,1,1,NULL),('2014-10-10 09:16:56',2,2,1,1,1,NULL),('2014-10-22 15:01:14',4,3,1,1,1,NULL),('2014-10-22 15:01:14',4,4,1,1,1,NULL),('2014-10-22 15:01:14',4,5,1,1,1,NULL),('2014-10-27 09:36:40',5,6,1,1,1,NULL),('2014-10-27 09:36:40',5,7,1,1,1,NULL),('2014-10-27 09:36:40',5,8,1,1,1,NULL),('2014-11-04 08:19:13',6,9,1,1,1,NULL),('2014-11-04 08:19:13',6,10,1,1,1,NULL),('2014-11-04 08:19:13',6,11,1,1,1,NULL),('2014-11-04 08:28:37',7,12,1,1,1,NULL),('2014-11-04 08:28:37',7,13,1,1,1,NULL),('2014-11-04 08:28:37',7,14,1,1,1,NULL),('2014-11-17 13:20:02',8,15,1,1,1,NULL),('2014-11-17 13:20:02',8,16,1,1,1,NULL),('2014-11-17 13:20:02',8,17,1,1,1,NULL),('2016-01-28 09:18:27',9,18,1,1,1,NULL),('2016-01-28 09:18:27',9,19,1,1,1,NULL),('2016-01-28 09:18:27',9,20,1,1,1,NULL),('2016-01-28 13:58:04',10,21,1,1,1,NULL),('2016-01-28 13:58:04',10,22,1,1,1,NULL),('2016-01-28 13:58:04',10,23,1,1,1,NULL);
/*!40000 ALTER TABLE `np_relacion` ENABLE KEYS */;
UNLOCK TABLES;

--
-- Table structure for table `np_temas`
--

DROP TABLE IF EXISTS `np_temas`;
/*!40101 SET @saved_cs_client     = @@character_set_client */;
/*!40101 SET character_set_client = utf8 */;
CREATE TABLE `np_temas` (
  `id` int(11) NOT NULL AUTO_INCREMENT,
  `nombre` varchar(45) DEFAULT NULL,
  `carpeta` varchar(45) DEFAULT NULL,
  `fec_actu` datetime DEFAULT CURRENT_TIMESTAMP,
  PRIMARY KEY (`id`)
) ENGINE=InnoDB AUTO_INCREMENT=3 DEFAULT CHARSET=utf8;
/*!40101 SET character_set_client = @saved_cs_client */;

--
-- Dumping data for table `np_temas`
--

LOCK TABLES `np_temas` WRITE;
/*!40000 ALTER TABLE `np_temas` DISABLE KEYS */;
INSERT INTO `np_temas` VALUES (1,'Defecto','default',NULL),(2,'Marino','Azul',NULL);
/*!40000 ALTER TABLE `np_temas` ENABLE KEYS */;
UNLOCK TABLES;

--
-- Table structure for table `np_tipo_relacion`
--

DROP TABLE IF EXISTS `np_tipo_relacion`;
/*!40101 SET @saved_cs_client     = @@character_set_client */;
/*!40101 SET character_set_client = utf8 */;
CREATE TABLE `np_tipo_relacion` (
  `id` int(11) NOT NULL,
  `tipo` varchar(45) DEFAULT NULL COMMENT '1: Amigo',
  `fec_actu` datetime DEFAULT CURRENT_TIMESTAMP,
  `idGrupoRelacion` int(11) NOT NULL,
  PRIMARY KEY (`id`),
  KEY `fk_NP_TIPO_RELACION_NP_GRUPO_RELACION1_idx` (`idGrupoRelacion`),
  CONSTRAINT `fk_NP_TIPO_RELACION_NP_GRUPO_RELACION1` FOREIGN KEY (`idGrupoRelacion`) REFERENCES `np_grupo_relacion` (`id`) ON DELETE NO ACTION ON UPDATE NO ACTION
) ENGINE=InnoDB DEFAULT CHARSET=utf8;
/*!40101 SET character_set_client = @saved_cs_client */;

--
-- Dumping data for table `np_tipo_relacion`
--

LOCK TABLES `np_tipo_relacion` WRITE;
/*!40000 ALTER TABLE `np_tipo_relacion` DISABLE KEYS */;
INSERT INTO `np_tipo_relacion` VALUES (1,'Amigo',NULL,1),(2,'Madre',NULL,2),(3,'Padre',NULL,2),(4,'Hermano',NULL,2),(5,'Tio',NULL,2),(6,'Abuelo',NULL,2),(7,'Nieto',NULL,2),(8,'Bisabuelo',NULL,2),(9,'Tatarabuelo',NULL,2),(10,'Bisnieto',NULL,2),(11,'Tatarabuelo',NULL,2),(12,'Conyugue',NULL,2);
/*!40000 ALTER TABLE `np_tipo_relacion` ENABLE KEYS */;
UNLOCK TABLES;

--
-- Table structure for table `np_usuario`
--

DROP TABLE IF EXISTS `np_usuario`;
/*!40101 SET @saved_cs_client     = @@character_set_client */;
/*!40101 SET character_set_client = utf8 */;
CREATE TABLE `np_usuario` (
  `id` int(11) NOT NULL AUTO_INCREMENT,
  `email` varchar(45) NOT NULL,
  `nombres` varchar(45) NOT NULL,
  `ap_paterno` varchar(45) NOT NULL,
  `ap_materno` varchar(45) DEFAULT NULL,
  `nro_documento_identif` varchar(45) DEFAULT NULL,
  `clave` varchar(45) NOT NULL,
  `fec_actu` datetime DEFAULT CURRENT_TIMESTAMP,
  `sexo` varchar(1) NOT NULL,
  `estado` int(11) DEFAULT '1' COMMENT '1: Activo',
  `id_facebook` varchar(80) DEFAULT NULL,
  `fec_nacimiento` datetime DEFAULT NULL,
  `fec_registro` datetime DEFAULT NULL,
  `idComuna` int(11) DEFAULT NULL,
  `idRegion` int(11) NOT NULL,
  `idPais` int(11) NOT NULL,
  `codigo` varchar(80) DEFAULT NULL,
  `url_avatar` varchar(150) DEFAULT NULL,
  `idConvenio` int(11) NOT NULL,
  PRIMARY KEY (`id`),
  KEY `fk_NP_USUARIO_NP_COMUNA1_idx` (`idComuna`),
  KEY `fk_NP_USUARIO_NP_REGION1_idx` (`idRegion`),
  KEY `fk_NP_USUARIO_NP_PAIS1_idx` (`idPais`),
  KEY `fk_NP_USUARIO_NP_CONVENIO1_idx` (`idConvenio`),
  CONSTRAINT `fk_NP_USUARIO_NP_CONVENIO1` FOREIGN KEY (`idConvenio`) REFERENCES `np_convenio` (`id`) ON DELETE NO ACTION ON UPDATE NO ACTION,
  CONSTRAINT `fk_NP_USUARIO_NP_PAIS1` FOREIGN KEY (`idPais`) REFERENCES `np_pais` (`id`) ON DELETE NO ACTION ON UPDATE NO ACTION,
  CONSTRAINT `fk_NP_USUARIO_NP_REGION1` FOREIGN KEY (`idRegion`) REFERENCES `np_region` (`id`) ON DELETE NO ACTION ON UPDATE NO ACTION
) ENGINE=InnoDB AUTO_INCREMENT=12 DEFAULT CHARSET=utf8;
/*!40101 SET character_set_client = @saved_cs_client */;

--
-- Dumping data for table `np_usuario`
--

LOCK TABLES `np_usuario` WRITE;
/*!40000 ALTER TABLE `np_usuario` DISABLE KEYS */;
INSERT INTO `np_usuario` VALUES (1,'claudio.jara@isercon.cl','Claudio','Jara','Ferrada','15752201-9','202cb962ac59075b964b07152d234b70',NULL,'M',1,'21213','1984-01-01 00:00:00',NULL,NULL,1364,48,NULL,NULL,1),(2,'qa_rodrigo.contreras@nimbus.com','qa_Rodrigo','Contreras','Benz','177287871-1','202cb962ac59075b964b07152d234b70','2014-10-13 09:34:40','M',1,'233241221','1980-01-01 00:00:00',NULL,10,1364,48,NULL,'https://s3-us-west-2.amazonaws.com/nplace/400bdecb-0cad-417c-8982-66cdd0a197cf//9d619b8e-e6a8-45f2-8f96-68aae52471e0.jpg',2),(3,'r.contreras@vtr.net','Rodrigo','Contreras B','Benz','13636292-5','e10adc3949ba59abbe56e057f20f883e','2014-10-17 08:56:51','M',0,'688893237815193','1979-11-24 00:00:00','2014-10-17 08:56:51',NULL,1364,48,'55dc95d5-c563-4ea7-ad14-2ae6d5ca7af6',NULL,1),(4,'rodrigo.rcb@gmail.com','RODRIGO','CONTRERAS','BENZ','','827ccb0eea8a706c4c34a16891f84e7b','2014-10-22 15:03:53','M',1,'','1913-05-14 00:00:00','2014-10-22 15:01:14',NULL,1055,10,NULL,NULL,2),(5,'castagnopolis@gmail.com','TOMÁS ','ETZCHEVERRÍA','GREENE','','367b785752d4db3e8f356e30bd99c152','2014-10-27 09:45:40','M',1,'','1987-02-01 00:00:00','2014-10-27 09:36:40',NULL,1375,48,NULL,NULL,2),(6,'carlos.madrid@isercon.cl','carlos','isercon','isercon','12345678-5','970673cf17d1c0a571b5f453e5d6e247','2014-11-04 08:19:13','M',1,'','1914-07-16 00:00:00','2014-11-04 08:19:13',NULL,1375,48,'f5e3787b-638c-4573-9e5c-0e52a91804ba',NULL,2),(7,'carlos.madrid@isercon.cl','carlos','isercon','isercon','12345678-5','970673cf17d1c0a571b5f453e5d6e247','2014-11-04 08:28:37','M',0,'','1904-03-04 00:00:00','2014-11-04 08:28:37',NULL,1368,48,'06b7f364-d162-4c4f-90ef-dccd1b93a056',NULL,2),(8,'rodrigo.rivera@isercon.cl','Rodrigo','Rivera','Lobos','13428305-K','4aed285b5503e8c09be411be5c968bfb','2014-11-17 13:20:02','M',1,'','1980-11-16 00:00:00','2014-11-17 13:20:02',NULL,1364,48,'22b52453-901b-43e3-bbeb-bae89b63962a',NULL,2),(9,'a.basulto@hotmail.com','Andres','Basulto','Bacigalupo','17118858-k','202cb962ac59075b964b07152d234b70','2016-01-28 09:18:27','M',0,'','1988-12-18 00:00:00','2016-01-28 09:18:27',NULL,1364,48,'',NULL,2),(10,'andres.basulto@isercon.cl','Andres','Basulto','Bacigalupo','18118858-k','e10adc3949ba59abbe56e057f20f883e','2016-01-28 13:58:04','M',1,'','1988-12-18 00:00:00','2016-01-28 13:58:04',NULL,1364,48,'bcf5591d-0628-450c-97ee-8626dff2c879',NULL,2),(11,'r.henriquez.moreno@gmail.com','Rodrigo','Henriquez',NULL,NULL,'827ccb0eea8a706c4c34a16891f84e7b','2017-03-03 09:13:50','M',1,NULL,NULL,NULL,NULL,1,1,NULL,NULL,1);
/*!40000 ALTER TABLE `np_usuario` ENABLE KEYS */;
UNLOCK TABLES;

--
-- Table structure for table `np_video`
--

DROP TABLE IF EXISTS `np_video`;
/*!40101 SET @saved_cs_client     = @@character_set_client */;
/*!40101 SET character_set_client = utf8 */;
CREATE TABLE `np_video` (
  `id` int(11) NOT NULL AUTO_INCREMENT,
  `comentario` text,
  `fec_actu` varchar(45) DEFAULT NULL,
  `estado` varchar(45) DEFAULT NULL,
  `identificador` varchar(45) DEFAULT NULL,
  `idUsuario` int(11) NOT NULL,
  `idDifunto` int(11) NOT NULL,
  `url` varchar(200) DEFAULT NULL,
  `tipo` varchar(30) DEFAULT NULL,
  `length` int(11) DEFAULT NULL,
  PRIMARY KEY (`id`),
  KEY `fk_NP_VIDEO_NP_USUARIO1_idx` (`idUsuario`),
  KEY `fk_NP_VIDEO_NP_DIFUNTO1_idx` (`idDifunto`),
  CONSTRAINT `fk_NP_VIDEO_NP_DIFUNTO1` FOREIGN KEY (`idDifunto`) REFERENCES `np_difunto` (`id`) ON DELETE NO ACTION ON UPDATE NO ACTION,
  CONSTRAINT `fk_NP_VIDEO_NP_USUARIO1` FOREIGN KEY (`idUsuario`) REFERENCES `np_usuario` (`id`) ON DELETE NO ACTION ON UPDATE NO ACTION
) ENGINE=InnoDB AUTO_INCREMENT=2 DEFAULT CHARSET=utf8;
/*!40101 SET character_set_client = @saved_cs_client */;

--
-- Dumping data for table `np_video`
--

LOCK TABLES `np_video` WRITE;
/*!40000 ALTER TABLE `np_video` DISABLE KEYS */;
INSERT INTO `np_video` VALUES (1,'sdsd','2014-10-10 10:43:26','1','108581069',2,2,'http://vimeo.com/108581069','VIMEO',1523981);
/*!40000 ALTER TABLE `np_video` ENABLE KEYS */;
UNLOCK TABLES;

--
-- Table structure for table `np_video_grupo`
--

DROP TABLE IF EXISTS `np_video_grupo`;
/*!40101 SET @saved_cs_client     = @@character_set_client */;
/*!40101 SET character_set_client = utf8 */;
CREATE TABLE `np_video_grupo` (
  `idVideo` int(11) NOT NULL,
  `idGrupoRelacion` int(11) NOT NULL,
  KEY `fk_NP_VIDEO_GRUPO_NP_VIDEO1_idx` (`idVideo`),
  KEY `fk_NP_VIDEO_GRUPO_NP_GRUPO_RELACION1_idx` (`idGrupoRelacion`),
  CONSTRAINT `fk_NP_VIDEO_GRUPO_NP_GRUPO_RELACION1` FOREIGN KEY (`idGrupoRelacion`) REFERENCES `np_grupo_relacion` (`id`) ON DELETE NO ACTION ON UPDATE NO ACTION,
  CONSTRAINT `fk_NP_VIDEO_GRUPO_NP_VIDEO1` FOREIGN KEY (`idVideo`) REFERENCES `np_video` (`id`) ON DELETE NO ACTION ON UPDATE NO ACTION
) ENGINE=InnoDB DEFAULT CHARSET=utf8;
/*!40101 SET character_set_client = @saved_cs_client */;

--
-- Dumping data for table `np_video_grupo`
--

LOCK TABLES `np_video_grupo` WRITE;
/*!40000 ALTER TABLE `np_video_grupo` DISABLE KEYS */;
/*!40000 ALTER TABLE `np_video_grupo` ENABLE KEYS */;
UNLOCK TABLES;

--
-- Table structure for table `persona`
--

DROP TABLE IF EXISTS `persona`;
/*!40101 SET @saved_cs_client     = @@character_set_client */;
/*!40101 SET character_set_client = utf8 */;
CREATE TABLE `persona` (
  `id` int(11) NOT NULL AUTO_INCREMENT,
  `nombre` varchar(45) DEFAULT NULL,
  `ap_paterno` varchar(45) DEFAULT NULL,
  PRIMARY KEY (`id`)
) ENGINE=InnoDB AUTO_INCREMENT=9 DEFAULT CHARSET=utf8;
/*!40101 SET character_set_client = @saved_cs_client */;

--
-- Dumping data for table `persona`
--

LOCK TABLES `persona` WRITE;
/*!40000 ALTER TABLE `persona` DISABLE KEYS */;
INSERT INTO `persona` VALUES (5,'Rodrigo','Contreras'),(6,'Diego','Gonzalez'),(7,'Claudio','Jara'),(8,'NewNombre','NewPaterno');
/*!40000 ALTER TABLE `persona` ENABLE KEYS */;
UNLOCK TABLES;
/*!40103 SET TIME_ZONE=@OLD_TIME_ZONE */;

/*!40101 SET SQL_MODE=@OLD_SQL_MODE */;
/*!40014 SET FOREIGN_KEY_CHECKS=@OLD_FOREIGN_KEY_CHECKS */;
/*!40014 SET UNIQUE_CHECKS=@OLD_UNIQUE_CHECKS */;
/*!40101 SET CHARACTER_SET_CLIENT=@OLD_CHARACTER_SET_CLIENT */;
/*!40101 SET CHARACTER_SET_RESULTS=@OLD_CHARACTER_SET_RESULTS */;
/*!40101 SET COLLATION_CONNECTION=@OLD_COLLATION_CONNECTION */;
/*!40111 SET SQL_NOTES=@OLD_SQL_NOTES */;

-- Dump completed on 2017-03-03 15:13:13
